,source,target,co-occurrence_count,translation_score,alignment_count,verse_score,alignment_score,avg_aligned,normalized_source,normalized_target,jac_sim,match_counts
0,a,אֱלֹהִ֔ים,1,0.0,0.0,0.0,,0.0,a,אלהים,0.14285714285714285,1
1,a,בְּ,1,0.0,0.0,0.0,,0.0,a,ב,0.5,1
2,a,בֵּ֥ין,1,0.0,0.0,0.0,,0.0,a,בין,0.3333333333333333,1
3,a,הַ,1,0.0,0.0,0.0,,0.0,a,ה,0.2,1
4,a,וִ,1,0.0,0.0,0.0,,0.0,a,ו,0.14285714285714285,1
5,a,וַ,1,0.0,0.0,0.0,,0.0,a,ו,0.14285714285714285,1
6,a,יְהִ֥י,1,0.0,0.0,0.0,,0.0,a,יהי,0.25,1
7,a,יֹּ֣אמֶר,1,0.0,0.0,0.0,,0.0,a,יאמר,0.5,1
8,a,יהִ֣י,1,0.0,0.0,0.0,,0.0,a,יהי,0.25,1
9,a,לָ,1,0.0,0.0,0.0,,0.0,a,ל,0.3333333333333333,1
10,a,מַ֖יִם,1,0.0,0.0,0.0,,0.0,a,מים,0.3333333333333333,1
11,a,מַבְדִּ֔יל,1,0.0,0.0,0.0,,0.0,a,מבדיל,1.0,1
12,a,מָֽיִם,1,0.0,0.0,0.0,,0.0,a,מים,0.3333333333333333,1
13,a,מָּ֑יִם,1,0.0,0.0,0.0,,0.0,a,מים,0.3333333333333333,1
14,a,רָקִ֖יעַ,1,0.8025731246479577,1.0,0.4198248098265879,0.2669743447849812,1.0,a,רקיע,0.5,1
15,a,ת֣וֹךְ,1,0.0,0.0,0.0,,0.0,a,תוך,1.0,1
16,above,אֱלֹהִים֮,1,0.0,0.0,0.0,,0.0,above,אלהים,0.14285714285714285,1
17,above,אֲשֶׁ֖ר,1,0.4745702867168543,0.0,0.0,,0.0,above,אשר,1.0,1
18,above,אֲשֶׁר֙,1,0.0,0.0,0.0,,0.0,above,אשר,1.0,1
19,above,אֶת,1,0.0,0.0,0.0,,0.0,above,את,0.3333333333333333,1
20,above,בֵ֣ין,1,0.0,0.0,0.0,,0.0,above,בין,0.3333333333333333,1
21,above,בֵּ֤ין,1,0.0,0.0,0.0,,0.0,above,בין,0.3333333333333333,1
22,above,הַ,2,0.0,0.0,0.0,,0.0,above,ה,0.2,1
23,above,הָ,1,0.0,0.0,0.0,,0.0,above,ה,0.2,1
24,above,וַ,2,0.0,0.0,0.0,,0.0,above,ו,0.14285714285714285,1
25,above,וּ,1,0.0,0.0,0.0,,0.0,above,ו,0.14285714285714285,1
26,above,וַֽ,1,0.0,0.0,0.0,,0.0,above,ו,0.14285714285714285,1
27,above,יְהִי,1,0.0,0.0,0.0,,0.0,above,יהי,0.25,1
28,above,יַּ֣עַשׂ,1,0.0,0.0,0.0,,0.0,above,יעש,1.0,1
29,above,יַּבְדֵּ֗ל,1,0.0,0.0,0.0,,0.0,above,יבדל,0.5,1
30,above,כֵֽן,1,0.0,0.0,0.0,,0.0,above,כן,1.0,1
31,above,לָ,2,0.0,0.0,0.0,,0.0,above,ל,0.3333333333333333,1
32,above,מִ,1,0.0,0.0,0.0,,0.0,above,מ,1.0,1
33,above,מֵ,1,0.6556341842992371,1.0,0.2330817811597337,0.1665330545042365,1.0,above,מ,1.0,1
34,above,מַּ֔יִם,1,0.0,0.0,0.0,,0.0,above,מים,0.3333333333333333,1
35,above,מַּ֨יִם֙,1,0.0,0.0,0.0,,0.0,above,מים,0.3333333333333333,1
36,above,עַ֣ל,1,0.0,0.0,0.0,,0.0,above,על,0.5,1
37,above,רָקִ֑יעַ,1,0.0,0.0,0.0,,0.0,above,רקיע,0.5,1
38,above,רָקִ֔יעַ,1,0.0,0.0,0.0,,0.0,above,רקיע,0.5,1
39,above,רָקִיעַ֒,1,0.0,0.0,0.0,,0.0,above,רקיע,0.5,1
40,above,תַּ֣חַת,1,0.0,0.0,0.0,,0.0,above,תחת,1.0,1
41,and,א֑וֹר,1,0.0,0.0,0.0,,0.0,and,אור,0.42857142857142855,3
42,and,א֖וֹר,2,0.0,0.0,0.0,,0.0,and,אור,0.42857142857142855,3
43,and,אֱלֹהִ֑ים,1,0.0,0.0,0.0,,0.0,and,אלהים,1.0,7
44,and,אֱלֹהִ֔ים,3,0.0,0.0,0.0,,0.0,and,אלהים,1.0,7
45,and,אֱלֹהִ֖ים,1,0.0,0.0,0.0,,0.0,and,אלהים,1.0,7
46,and,אֱלֹהִ֛ים,1,0.0,0.0,0.0,,0.0,and,אלהים,1.0,7
47,and,אֱלֹהִ֤ים,1,0.0,0.0,0.0,,0.0,and,אלהים,1.0,7
48,and,אֱלֹהִים֮,1,0.0,0.0,0.0,,0.0,and,אלהים,1.0,7
49,and,אֲשֶׁ֖ר,1,0.0,0.0,0.0,,0.0,and,אשר,0.14285714285714285,1
50,and,אֲשֶׁר֙,1,0.0,0.0,0.0,,0.0,and,אשר,0.14285714285714285,1
51,and,אֵ֥ת,2,0.0,0.0,0.0,,0.0,and,את,0.42857142857142855,3
52,and,אֶחָֽד,1,0.0,0.0,0.0,,0.0,and,אחד,0.14285714285714285,1
53,and,אֶת,2,0.0,0.0,0.0,,0.0,and,את,0.42857142857142855,3
54,and,אָ֗רֶץ,1,0.0268690748194399,1.0,0.3808772869420533,0.097586661938789,1.0,and,ארץ,0.2857142857142857,2
55,and,אָֽרֶץ,1,0.0,0.0,0.0,,0.0,and,ארץ,0.2857142857142857,2
56,and,אֽוֹר,1,0.0,0.0,0.0,,0.0,and,אור,0.42857142857142855,3
57,and,אוֹר֙,1,0.0184817750704708,0.0,0.0,,0.0,and,אור,0.42857142857142855,3
58,and,בֵ֣ין,1,0.0,0.0,0.0,,0.0,and,בין,0.42857142857142855,3
59,and,בֵ֥ין,1,0.0,0.0,0.0,,0.0,and,בין,0.42857142857142855,3
60,and,בֹ֔הוּ,1,0.0268696539210653,1.0,0.3808772869420533,0.1577398910633274,1.0,and,בהו,0.14285714285714285,1
61,and,בֹ֖קֶר,1,0.0,0.0,0.0,,0.0,and,בקר,0.14285714285714285,1
62,and,בְּ,2,0.0,0.0,0.0,,0.0,and,ב,0.2857142857142857,2
63,and,בֵּ֤ין,1,0.0,0.0,0.0,,0.0,and,בין,0.42857142857142855,3
64,and,בֵּ֥ין,2,0.0,0.0,0.0,,0.0,and,בין,0.42857142857142855,3
65,and,בָּרָ֣א,1,0.0,0.0,0.0,,0.0,and,ברא,0.14285714285714285,1
66,and,הַ,6,0.0,0.0,0.0,,0.0,and,ה,0.7142857142857143,5
67,and,הָ,5,0.0622075100366401,0.0,0.0,,0.0,and,ה,0.7142857142857143,5
68,and,הָיְתָ֥ה,1,0.0268696539210653,0.0,0.0,,0.0,and,היתה,0.14285714285714285,1
69,and,וְ,5,0.3524808829895629,5.0,0.4291919407071775,0.2013774682577121,1.0,and,ו,1.0,7
70,and,וִ,1,0.0,0.0,0.0,,0.0,and,ו,1.0,7
71,and,וַ,7,0.5276854587506671,7.0,0.4046766935226995,0.3514604498734518,1.0,and,ו,1.0,7
72,and,וַֽ,3,0.5439408671327813,3.0,0.4740028254147568,0.2491629091294681,1.0,and,ו,1.0,7
73,and,וָ,1,0.0268696539210653,0.0,0.0,,0.0,and,ו,1.0,7
74,and,וּ,2,0.0,0.0,0.0,,0.0,and,ו,1.0,7
75,and,וַֽ,1,0.0,0.0,0.0,,0.0,and,ו,1.0,7
76,and,חֹ֖שֶׁךְ,2,0.0104206775649731,0.0,0.0,,0.0,and,חשך,0.42857142857142855,3
77,and,חֹֽשֶׁךְ,1,0.0,0.0,0.0,,0.0,and,חשך,0.42857142857142855,3
78,and,ט֑וֹב,1,0.0,0.0,0.0,,0.0,and,טוב,0.14285714285714285,1
79,and,י֔וֹם,1,0.0265868513787924,1.0,0.410172856819939,0.2350258376965324,1.0,and,יום,0.14285714285714285,1
80,and,י֥וֹם,1,0.0,0.0,0.0,,0.0,and,יום,0.14285714285714285,1
81,and,יְהִ֣י,1,0.0,0.0,0.0,,0.0,and,יהי,0.5714285714285714,4
82,and,יְהִ֥י,1,0.0,0.0,0.0,,0.0,and,יהי,0.5714285714285714,4
83,and,יְהִי,4,0.0539876085378947,2.0,0.410172856819939,0.1192676196770395,0.5,and,יהי,0.5714285714285714,4
84,and,יִּקְרָ֨א,1,0.0,0.0,0.0,,0.0,and,יקרא,0.14285714285714285,1
85,and,יַּ֣עַשׂ,1,0.0101784590247979,0.0,0.0,,0.0,and,יעש,0.14285714285714285,1
86,and,יַּ֧רְא,1,0.0,0.0,0.0,,0.0,and,ירא,0.14285714285714285,1
87,and,יַּבְדֵּ֗ל,1,0.0,0.0,0.0,,0.0,and,יבדל,0.2857142857142857,2
88,and,יַּבְדֵּ֣ל,1,0.0,0.0,0.0,,0.0,and,יבדל,0.2857142857142857,2
89,and,יֹּ֣אמֶר,1,0.0,0.0,0.0,,0.0,and,יאמר,0.2857142857142857,2
90,and,יֹּ֥אמֶר,1,0.0,0.0,0.0,,0.0,and,יאמר,0.2857142857142857,2
91,and,יהִ֣י,1,0.0,0.0,0.0,,0.0,and,יהי,0.5714285714285714,4
92,and,כֵֽן,1,0.0,0.0,0.0,,0.0,and,כן,0.14285714285714285,1
93,and,כִּי,1,0.0,0.0,0.0,,0.0,and,כי,0.14285714285714285,1
94,and,לַ,1,6.0510392571197855e-05,0.0,0.0,,0.0,and,ל,0.42857142857142855,3
95,and,לָ,4,0.0,0.0,0.0,,0.0,and,ל,0.42857142857142855,3
96,and,לָ֑יְלָה,1,0.0253889795553058,1.0,0.410172856819939,0.2134644492733086,1.0,and,לילה,0.14285714285714285,1
97,and,מְרַחֶ֖פֶת,1,0.0,0.0,0.0,,0.0,and,מרחפת,0.14285714285714285,1
98,and,מִ,1,0.0,0.0,0.0,,0.0,and,מ,0.14285714285714285,1
99,and,מֵ,1,0.0,0.0,0.0,,0.0,and,מ,0.14285714285714285,1
100,and,מַ֖יִם,1,0.0,0.0,0.0,,0.0,and,מים,0.42857142857142855,3
101,and,מַבְדִּ֔יל,1,0.0,0.0,0.0,,0.0,and,מבדיל,0.14285714285714285,1
102,and,מָֽיִם,1,0.0,0.0,0.0,,0.0,and,מים,0.42857142857142855,3
103,and,מַּ֔יִם,1,0.0,0.0,0.0,,0.0,and,מים,0.42857142857142855,3
104,and,מַּ֨יִם֙,1,0.0,0.0,0.0,,0.0,and,מים,0.42857142857142855,3
105,and,מָּ֑יִם,1,0.0,0.0,0.0,,0.0,and,מים,0.42857142857142855,3
106,and,מָּֽיִם,1,0.0,0.0,0.0,,0.0,and,מים,0.42857142857142855,3
107,and,עֶ֥רֶב,1,0.0,0.0,0.0,,0.0,and,ערב,0.14285714285714285,1
108,and,עַ֣ל,1,0.0,0.0,0.0,,0.0,and,על,0.2857142857142857,2
109,and,עַל,2,0.0,0.0,0.0,,0.0,and,על,0.2857142857142857,2
110,and,פְּנֵ֣י,1,0.0,0.0,0.0,,0.0,and,פני,0.14285714285714285,1
111,and,פְּנֵ֥י,1,0.0,0.0,0.0,,0.0,and,פני,0.14285714285714285,1
112,and,קָ֣רָא,1,0.0201093480479816,0.0,0.0,,0.0,and,קרא,0.14285714285714285,1
113,and,ר֣וּחַ,1,0.0,0.0,0.0,,0.0,and,רוח,0.14285714285714285,1
114,and,רֵאשִׁ֖ית,1,0.0,0.0,0.0,,0.0,and,ראשית,0.14285714285714285,1
115,and,רָקִ֑יעַ,1,0.0,0.0,0.0,,0.0,and,רקיע,0.2857142857142857,2
116,and,רָקִ֔יעַ,1,0.0,0.0,0.0,,0.0,and,רקיע,0.2857142857142857,2
117,and,רָקִ֖יעַ,1,0.0,0.0,0.0,,0.0,and,רקיע,0.2857142857142857,2
118,and,רָקִיעַ֒,1,0.0,0.0,0.0,,0.0,and,רקיע,0.2857142857142857,2
119,and,שָּׁמַ֖יִם,1,0.0,0.0,0.0,,0.0,and,שמים,0.14285714285714285,1
120,and,ת֣וֹךְ,1,0.0,0.0,0.0,,0.0,and,תוך,0.14285714285714285,1
121,and,תְה֑וֹם,1,0.0,0.0,0.0,,0.0,and,תהום,0.14285714285714285,1
122,and,תֹ֨הוּ֙,1,0.0268696539210653,1.0,0.3808772869420533,0.2198856463751445,1.0,and,תהו,0.14285714285714285,1
123,and,תַּ֣חַת,1,0.0,0.0,0.0,,0.0,and,תחת,0.14285714285714285,1
124,be,א֑וֹר,1,0.0,0.0,0.0,,0.0,be,אור,0.25,1
125,be,אֱלֹהִ֔ים,1,0.0,0.0,0.0,,0.0,be,אלהים,0.2857142857142857,2
126,be,אֱלֹהִ֖ים,1,0.0,0.0,0.0,,0.0,be,אלהים,0.2857142857142857,2
127,be,אֽוֹר,1,0.0,0.0,0.0,,0.0,be,אור,0.25,1
128,be,בְּ,1,0.0,0.0,0.0,,0.0,be,ב,0.3333333333333333,1
129,be,בֵּ֥ין,1,0.0,0.0,0.0,,0.0,be,בין,0.25,1
130,be,הַ,1,0.0,0.0,0.0,,0.0,be,ה,0.16666666666666666,1
131,be,וִ,1,0.0,0.0,0.0,,0.0,be,ו,0.2857142857142857,2
132,be,וַ,2,0.0,0.0,0.0,,0.0,be,ו,0.2857142857142857,2
133,be,וַֽ,1,0.0,0.0,0.0,,0.0,be,ו,0.2857142857142857,2
134,be,יְהִ֣י,1,0.3028332487655384,1.0,0.6016627626043927,0.3818647373168171,1.0,be,יהי,0.5,2
135,be,יְהִ֥י,1,0.7340215929414802,1.0,0.4198248098265879,0.2663515815272965,1.0,be,יהי,0.5,2
136,be,יְהִי,1,0.0,0.0,0.0,,0.0,be,יהי,0.5,2
137,be,יֹּ֣אמֶר,1,0.0,0.0,0.0,,0.0,be,יאמר,1.0,2
138,be,יֹּ֥אמֶר,1,0.0,0.0,0.0,,0.0,be,יאמר,1.0,2
139,be,יהִ֣י,1,0.0,0.0,0.0,,0.0,be,יהי,0.5,2
140,be,לָ,1,0.0,0.0,0.0,,0.0,be,ל,0.25,1
141,be,מַ֖יִם,1,0.0,0.0,0.0,,0.0,be,מים,0.25,1
142,be,מַבְדִּ֔יל,1,0.0,0.0,0.0,,0.0,be,מבדיל,0.5,1
143,be,מָֽיִם,1,0.0,0.0,0.0,,0.0,be,מים,0.25,1
144,be,מָּ֑יִם,1,0.0,0.0,0.0,,0.0,be,מים,0.25,1
145,be,רָקִ֖יעַ,1,0.0,0.0,0.0,,0.0,be,רקיע,0.3333333333333333,1
146,be,ת֣וֹךְ,1,0.0,0.0,0.0,,0.0,be,תוך,0.5,1
147,beginning,אֱלֹהִ֑ים,1,0.3329563467846159,1.0,0.5931549858897882,0.2629922404974936,1.0,beginning,אלהים,0.14285714285714285,1
148,beginning,אֵ֥ת,2,0.0,0.0,0.0,,0.0,beginning,את,0.3333333333333333,1
149,beginning,אָֽרֶץ,1,0.0,0.0,0.0,,0.0,beginning,ארץ,0.5,1
150,beginning,בְּ,1,0.0,0.0,0.0,,0.0,beginning,ב,0.5,1
151,beginning,בָּרָ֣א,1,0.8975435233431968,1.0,0.5931549858897882,0.3917232994642602,1.0,beginning,ברא,1.0,1
152,beginning,הַ,1,0.0,0.0,0.0,,0.0,beginning,ה,0.2,1
153,beginning,הָ,1,0.0,0.0,0.0,,0.0,beginning,ה,0.2,1
154,beginning,וְ,1,0.0,0.0,0.0,,0.0,beginning,ו,0.14285714285714285,1
155,beginning,רֵאשִׁ֖ית,1,1.8306560893892225e-05,0.0,0.0,,0.0,beginning,ראשית,1.0,1
156,beginning,שָּׁמַ֖יִם,1,0.0,0.0,0.0,,0.0,beginning,שמים,1.0,1
157,called,אֱלֹהִ֤ים,1,0.8689343210102625,1.0,0.410172856819939,0.2340096229869671,1.0,called,אלהים,0.14285714285714285,1
158,called,אֶחָֽד,1,0.0,0.0,0.0,,0.0,called,אחד,1.0,1
159,called,אוֹר֙,1,0.0,0.0,0.0,,0.0,called,אור,0.3333333333333333,1
160,called,בֹ֖קֶר,1,0.0,0.0,0.0,,0.0,called,בקר,1.0,1
161,called,וְ,1,0.0,0.0,0.0,,0.0,called,ו,0.14285714285714285,1
162,called,וַ,1,0.0,0.0,0.0,,0.0,called,ו,0.14285714285714285,1
163,called,וַֽ,2,0.0,0.0,0.0,,0.0,called,ו,0.14285714285714285,1
164,called,חֹ֖שֶׁךְ,1,0.0,0.0,0.0,,0.0,called,חשך,0.3333333333333333,1
165,called,י֔וֹם,1,0.0,0.0,0.0,,0.0,called,יום,1.0,1
166,called,י֥וֹם,1,0.0,0.0,0.0,,0.0,called,יום,1.0,1
167,called,יְהִי,2,0.0,0.0,0.0,,0.0,called,יהי,0.25,1
168,called,יִּקְרָ֨א,1,0.7831924773851185,1.0,0.410172856819939,0.213028993986101,1.0,called,יקרא,1.0,1
169,called,לַ,1,0.0,0.0,0.0,,0.0,called,ל,0.3333333333333333,1
170,called,לָ,1,0.0,0.0,0.0,,0.0,called,ל,0.3333333333333333,1
171,called,לָ֑יְלָה,1,0.0,0.0,0.0,,0.0,called,לילה,1.0,1
172,called,עֶ֥רֶב,1,0.0,0.0,0.0,,0.0,called,ערב,1.0,1
173,called,קָ֣רָא,1,0.0,0.0,0.0,,0.0,called,קרא,1.0,1
174,created,אֱלֹהִ֑ים,1,0.0,0.0,0.0,,0.0,created,אלהים,0.14285714285714285,1
175,created,אֵ֥ת,2,0.914692807033426,1.0,0.5931549858897882,0.3191499850850636,0.5,created,את,0.3333333333333333,1
176,created,אָֽרֶץ,1,0.0,0.0,0.0,,0.0,created,ארץ,0.5,1
177,created,בְּ,1,0.0,0.0,0.0,,0.0,created,ב,0.5,1
178,created,בָּרָ֣א,1,0.0,0.0,0.0,,0.0,created,ברא,1.0,1
179,created,הַ,1,0.0,0.0,0.0,,0.0,created,ה,0.2,1
180,created,הָ,1,0.0,0.0,0.0,,0.0,created,ה,0.2,1
181,created,וְ,1,0.0,0.0,0.0,,0.0,created,ו,0.14285714285714285,1
182,created,רֵאשִׁ֖ית,1,0.0,0.0,0.0,,0.0,created,ראשית,1.0,1
183,created,שָּׁמַ֖יִם,1,0.0,0.0,0.0,,0.0,created,שמים,1.0,1
184,darkness,א֖וֹר,2,0.0,0.0,0.0,,0.0,darkness,אור,0.5,2
185,darkness,אֱלֹהִ֔ים,2,0.0,0.0,0.0,,0.0,darkness,אלהים,0.42857142857142855,3
186,darkness,אֱלֹהִ֛ים,1,0.0,0.0,0.0,,0.0,darkness,אלהים,0.42857142857142855,3
187,darkness,אֱלֹהִ֤ים,1,0.0,0.0,0.0,,0.0,darkness,אלהים,0.42857142857142855,3
188,darkness,אֶחָֽד,1,0.0,0.0,0.0,,0.0,darkness,אחד,0.3333333333333333,1
189,darkness,אֶת,1,0.0,0.0,0.0,,0.0,darkness,את,0.2,1
190,darkness,אָ֗רֶץ,1,0.0,0.0,0.0,,0.0,darkness,ארץ,0.25,1
191,darkness,אוֹר֙,1,0.0,0.0,0.0,,0.0,darkness,אור,0.5,2
192,darkness,בֵ֥ין,1,0.0,0.0,0.0,,0.0,darkness,בין,0.2,1
193,darkness,בֹ֔הוּ,1,0.0,0.0,0.0,,0.0,darkness,בהו,0.3333333333333333,1
194,darkness,בֹ֖קֶר,1,0.0,0.0,0.0,,0.0,darkness,בקר,0.3333333333333333,1
195,darkness,בֵּ֥ין,1,0.0,0.0,0.0,,0.0,darkness,בין,0.2,1
196,darkness,הַ,2,0.0,0.0,0.0,,0.0,darkness,ה,0.3333333333333333,2
197,darkness,הָ,3,0.0,0.0,0.0,,0.0,darkness,ה,0.3333333333333333,2
198,darkness,הָיְתָ֥ה,1,0.0,0.0,0.0,,0.0,darkness,היתה,0.3333333333333333,1
199,darkness,וְ,4,0.1627988727676067,2.0,0.3955250718809961,0.1473973850034744,0.5,darkness,ו,0.42857142857142855,3
200,darkness,וַ,3,0.0,0.0,0.0,,0.0,darkness,ו,0.42857142857142855,3
201,darkness,וַֽ,2,0.0,0.0,0.0,,0.0,darkness,ו,0.42857142857142855,3
202,darkness,וָ,1,0.0,0.0,0.0,,0.0,darkness,ו,0.42857142857142855,3
203,darkness,וּ,1,0.0,0.0,0.0,,0.0,darkness,ו,0.42857142857142855,3
204,darkness,חֹ֖שֶׁךְ,2,0.0,0.0,0.0,,0.0,darkness,חשך,1.0,3
205,darkness,חֹֽשֶׁךְ,1,0.847529079155342,1.0,0.4674564315442547,0.4295197492843353,1.0,darkness,חשך,1.0,3
206,darkness,ט֑וֹב,1,0.0,0.0,0.0,,0.0,darkness,טוב,0.3333333333333333,1
207,darkness,י֔וֹם,1,0.0,0.0,0.0,,0.0,darkness,יום,0.3333333333333333,1
208,darkness,י֥וֹם,1,0.0,0.0,0.0,,0.0,darkness,יום,0.3333333333333333,1
209,darkness,יְהִי,2,0.0,0.0,0.0,,0.0,darkness,יהי,0.16666666666666666,1
210,darkness,יִּקְרָ֨א,1,0.0,0.0,0.0,,0.0,darkness,יקרא,0.3333333333333333,1
211,darkness,יַּ֧רְא,1,0.0,0.0,0.0,,0.0,darkness,ירא,0.3333333333333333,1
212,darkness,יַּבְדֵּ֣ל,1,0.0,0.0,0.0,,0.0,darkness,יבדל,0.25,1
213,darkness,כִּי,1,0.0,0.0,0.0,,0.0,darkness,כי,0.3333333333333333,1
214,darkness,לַ,1,0.0,0.0,0.0,,0.0,darkness,ל,0.2,1
215,darkness,לָ,1,0.0,0.0,0.0,,0.0,darkness,ל,0.2,1
216,darkness,לָ֑יְלָה,1,0.0,0.0,0.0,,0.0,darkness,לילה,0.3333333333333333,1
217,darkness,מְרַחֶ֖פֶת,1,0.0,0.0,0.0,,0.0,darkness,מרחפת,0.3333333333333333,1
218,darkness,מָּֽיִם,1,0.0,0.0,0.0,,0.0,darkness,מים,0.2,1
219,darkness,עֶ֥רֶב,1,0.0,0.0,0.0,,0.0,darkness,ערב,0.3333333333333333,1
220,darkness,עַל,2,0.0,0.0,0.0,,0.0,darkness,על,0.25,1
221,darkness,פְּנֵ֣י,1,0.0,0.0,0.0,,0.0,darkness,פני,0.3333333333333333,1
222,darkness,פְּנֵ֥י,1,0.0,0.0,0.0,,0.0,darkness,פני,0.3333333333333333,1
223,darkness,קָ֣רָא,1,0.0,0.0,0.0,,0.0,darkness,קרא,0.3333333333333333,1
224,darkness,ר֣וּחַ,1,0.0,0.0,0.0,,0.0,darkness,רוח,0.3333333333333333,1
225,darkness,תְה֑וֹם,1,0.0,0.0,0.0,,0.0,darkness,תהום,0.3333333333333333,1
226,darkness,תֹ֨הוּ֙,1,0.0,0.0,0.0,,0.0,darkness,תהו,0.3333333333333333,1
227,day,אֱלֹהִ֤ים,1,0.0,0.0,0.0,,0.0,day,אלהים,0.14285714285714285,1
228,day,אֶחָֽד,1,0.8359510166451533,1.0,0.410172856819939,0.3712187116373494,1.0,day,אחד,1.0,1
229,day,אוֹר֙,1,0.8357396269757885,1.0,0.410172856819939,0.2258232976708608,1.0,day,אור,0.3333333333333333,1
230,day,בֹ֖קֶר,1,0.0,0.0,0.0,,0.0,day,בקר,1.0,1
231,day,וְ,1,0.0,0.0,0.0,,0.0,day,ו,0.14285714285714285,1
232,day,וַ,1,0.0,0.0,0.0,,0.0,day,ו,0.14285714285714285,1
233,day,וַֽ,2,0.0,0.0,0.0,,0.0,day,ו,0.14285714285714285,1
234,day,חֹ֖שֶׁךְ,1,0.0,0.0,0.0,,0.0,day,חשך,0.3333333333333333,1
235,day,י֔וֹם,1,0.0,0.0,0.0,,0.0,day,יום,1.0,1
236,day,י֥וֹם,1,0.0,0.0,0.0,,0.0,day,יום,1.0,1
237,day,יְהִי,2,0.0,0.0,0.0,,0.0,day,יהי,0.25,1
238,day,יִּקְרָ֨א,1,0.0,0.0,0.0,,0.0,day,יקרא,1.0,1
239,day,לַ,1,0.0,0.0,0.0,,0.0,day,ל,0.3333333333333333,1
240,day,לָ,1,0.0,0.0,0.0,,0.0,day,ל,0.3333333333333333,1
241,day,לָ֑יְלָה,1,0.0,0.0,0.0,,0.0,day,לילה,1.0,1
242,day,עֶ֥רֶב,1,0.0,0.0,0.0,,0.0,day,ערב,1.0,1
243,day,קָ֣רָא,1,0.0,0.0,0.0,,0.0,day,קרא,1.0,1
244,deep,אֱלֹהִ֔ים,1,0.0,0.0,0.0,,0.0,deep,אלהים,0.14285714285714285,1
245,deep,אָ֗רֶץ,1,0.0,0.0,0.0,,0.0,deep,ארץ,0.5,1
246,deep,בֹ֔הוּ,1,0.0,0.0,0.0,,0.0,deep,בהו,1.0,1
247,deep,הַ,1,0.0,0.0,0.0,,0.0,deep,ה,0.2,1
248,deep,הָ,1,0.0,0.0,0.0,,0.0,deep,ה,0.2,1
249,deep,הָיְתָ֥ה,1,0.0,0.0,0.0,,0.0,deep,היתה,1.0,1
250,deep,וְ,3,0.0051285459113202,0.0,0.0,,0.0,deep,ו,0.14285714285714285,1
251,deep,וָ,1,0.0,0.0,0.0,,0.0,deep,ו,0.14285714285714285,1
252,deep,חֹ֖שֶׁךְ,1,0.0,0.0,0.0,,0.0,deep,חשך,0.3333333333333333,1
253,deep,מְרַחֶ֖פֶת,1,0.0,0.0,0.0,,0.0,deep,מרחפת,1.0,1
254,deep,מָּֽיִם,1,0.0,0.0,0.0,,0.0,deep,מים,0.3333333333333333,1
255,deep,עַל,2,0.0,0.0,0.0,,0.0,deep,על,0.5,1
256,deep,פְּנֵ֣י,1,0.0,0.0,0.0,,0.0,deep,פני,1.0,1
257,deep,פְּנֵ֥י,1,0.0,0.0,0.0,,0.0,deep,פני,1.0,1
258,deep,ר֣וּחַ,1,0.0,0.0,0.0,,0.0,deep,רוח,1.0,1
259,deep,תְה֑וֹם,1,0.682596186547069,1.0,0.3808772869420533,0.199706324390644,1.0,deep,תהום,1.0,1
260,deep,תֹ֨הוּ֙,1,0.0,0.0,0.0,,0.0,deep,תהו,1.0,1
261,divide,אֱלֹהִ֔ים,1,0.0,0.0,0.0,,0.0,divide,אלהים,0.14285714285714285,1
262,divide,בְּ,1,0.0,0.0,0.0,,0.0,divide,ב,0.5,1
263,divide,בֵּ֥ין,1,0.0,0.0,0.0,,0.0,divide,בין,0.3333333333333333,1
264,divide,הַ,1,0.0,0.0,0.0,,0.0,divide,ה,0.2,1
265,divide,וִ,1,0.0,0.0,0.0,,0.0,divide,ו,0.14285714285714285,1
266,divide,וַ,1,0.0,0.0,0.0,,0.0,divide,ו,0.14285714285714285,1
267,divide,יְהִ֥י,1,0.0,0.0,0.0,,0.0,divide,יהי,0.25,1
268,divide,יֹּ֣אמֶר,1,0.0,0.0,0.0,,0.0,divide,יאמר,0.5,1
269,divide,יהִ֣י,1,0.0,0.0,0.0,,0.0,divide,יהי,0.25,1
270,divide,לָ,1,0.0,0.0,0.0,,0.0,divide,ל,0.3333333333333333,1
271,divide,מַ֖יִם,1,0.0,0.0,0.0,,0.0,divide,מים,0.3333333333333333,1
272,divide,מַבְדִּ֔יל,1,0.4990717849080081,1.0,0.4198248098265879,0.217667172401037,1.0,divide,מבדיל,1.0,1
273,divide,מָֽיִם,1,0.0,0.0,0.0,,0.0,divide,מים,0.3333333333333333,1
274,divide,מָּ֑יִם,1,0.0,0.0,0.0,,0.0,divide,מים,0.3333333333333333,1
275,divide,רָקִ֖יעַ,1,0.0,0.0,0.0,,0.0,divide,רקיע,0.5,1
276,divide,ת֣וֹךְ,1,0.0,0.0,0.0,,0.0,divide,תוך,1.0,1
277,divided,א֖וֹר,2,0.0,0.0,0.0,,0.0,divided,אור,0.25,1
278,divided,אֱלֹהִ֔ים,1,0.0,0.0,0.0,,0.0,divided,אלהים,0.2857142857142857,2
279,divided,אֱלֹהִ֛ים,1,0.0,0.0,0.0,,0.0,divided,אלהים,0.2857142857142857,2
280,divided,אֱלֹהִים֮,1,0.0,0.0,0.0,,0.0,divided,אלהים,0.2857142857142857,2
281,divided,אֲשֶׁ֖ר,1,0.0,0.0,0.0,,0.0,divided,אשר,0.5,1
282,divided,אֲשֶׁר֙,1,0.0,0.0,0.0,,0.0,divided,אשר,0.5,1
283,divided,אֶת,2,0.0,0.0,0.0,,0.0,divided,את,0.6666666666666666,2
284,divided,בֵ֣ין,1,0.0,0.0,0.0,,0.0,divided,בין,0.6666666666666666,2
285,divided,בֵ֥ין,1,0.0,0.0,0.0,,0.0,divided,בין,0.6666666666666666,2
286,divided,בֵּ֤ין,1,0.0,0.0,0.0,,0.0,divided,בין,0.6666666666666666,2
287,divided,בֵּ֥ין,1,0.0,0.0,0.0,,0.0,divided,בין,0.6666666666666666,2
288,divided,הַ,3,0.0,0.0,0.0,,0.0,divided,ה,0.4,2
289,divided,הָ,3,0.1977953677100506,1.0,0.4674564315442547,0.2492754643728617,0.3333333333333333,divided,ה,0.4,2
290,divided,וַ,4,0.0,0.0,0.0,,0.0,divided,ו,0.2857142857142857,2
291,divided,וּ,2,0.0,0.0,0.0,,0.0,divided,ו,0.2857142857142857,2
292,divided,וַֽ,1,0.0,0.0,0.0,,0.0,divided,ו,0.2857142857142857,2
293,divided,חֹֽשֶׁךְ,1,0.0,0.0,0.0,,0.0,divided,חשך,0.25,1
294,divided,ט֑וֹב,1,0.0,0.0,0.0,,0.0,divided,טוב,0.5,1
295,divided,יְהִי,1,0.0,0.0,0.0,,0.0,divided,יהי,0.2,1
296,divided,יַּ֣עַשׂ,1,0.0,0.0,0.0,,0.0,divided,יעש,0.5,1
297,divided,יַּ֧רְא,1,0.0,0.0,0.0,,0.0,divided,ירא,0.5,1
298,divided,יַּבְדֵּ֗ל,1,0.0,0.0,0.0,,0.0,divided,יבדל,1.0,2
299,divided,יַּבְדֵּ֣ל,1,0.0,0.0,0.0,,0.0,divided,יבדל,1.0,2
300,divided,כֵֽן,1,0.0,0.0,0.0,,0.0,divided,כן,0.5,1
301,divided,כִּי,1,0.0,0.0,0.0,,0.0,divided,כי,0.5,1
302,divided,לָ,2,0.0,0.0,0.0,,0.0,divided,ל,0.25,1
303,divided,מִ,1,0.0,0.0,0.0,,0.0,divided,מ,0.5,1
304,divided,מֵ,1,0.0,0.0,0.0,,0.0,divided,מ,0.5,1
305,divided,מַּ֔יִם,1,0.0,0.0,0.0,,0.0,divided,מים,0.25,1
306,divided,מַּ֨יִם֙,1,0.0,0.0,0.0,,0.0,divided,מים,0.25,1
307,divided,עַ֣ל,1,0.0,0.0,0.0,,0.0,divided,על,0.3333333333333333,1
308,divided,רָקִ֑יעַ,1,0.0,0.0,0.0,,0.0,divided,רקיע,0.3333333333333333,1
309,divided,רָקִ֔יעַ,1,0.0,0.0,0.0,,0.0,divided,רקיע,0.3333333333333333,1
310,divided,רָקִיעַ֒,1,0.0,0.0,0.0,,0.0,divided,רקיע,0.3333333333333333,1
311,divided,תַּ֣חַת,1,0.0,0.0,0.0,,0.0,divided,תחת,0.5,1
312,earth,אֱלֹהִ֑ים,1,0.0,0.0,0.0,,0.0,earth,אלהים,0.2857142857142857,2
313,earth,אֱלֹהִ֔ים,1,0.0,0.0,0.0,,0.0,earth,אלהים,0.2857142857142857,2
314,earth,אֵ֥ת,2,0.0,0.0,0.0,,0.0,earth,את,0.25,1
315,earth,אָ֗רֶץ,1,0.0,0.0,0.0,,0.0,earth,ארץ,1.0,2
316,earth,אָֽרֶץ,1,0.8924481870219796,1.0,0.5931549858897882,0.6042081444825552,1.0,earth,ארץ,1.0,2
317,earth,בֹ֔הוּ,1,0.0,0.0,0.0,,0.0,earth,בהו,0.5,1
318,earth,בְּ,1,0.0,0.0,0.0,,0.0,earth,ב,0.3333333333333333,1
319,earth,בָּרָ֣א,1,0.0,0.0,0.0,,0.0,earth,ברא,0.5,1
320,earth,הַ,2,0.0,0.0,0.0,,0.0,earth,ה,0.4,2
321,earth,הָ,2,0.4323903757910108,1.0,0.3808772869420533,0.2787343621445801,0.5,earth,ה,0.4,2
322,earth,הָיְתָ֥ה,1,0.0,0.0,0.0,,0.0,earth,היתה,0.5,1
323,earth,וְ,4,0.0,0.0,0.0,,0.0,earth,ו,0.2857142857142857,2
324,earth,וָ,1,0.0,0.0,0.0,,0.0,earth,ו,0.2857142857142857,2
325,earth,חֹ֖שֶׁךְ,1,0.0,0.0,0.0,,0.0,earth,חשך,0.25,1
326,earth,מְרַחֶ֖פֶת,1,0.0,0.0,0.0,,0.0,earth,מרחפת,0.5,1
327,earth,מָּֽיִם,1,0.0,0.0,0.0,,0.0,earth,מים,0.25,1
328,earth,עַל,2,0.0,0.0,0.0,,0.0,earth,על,0.3333333333333333,1
329,earth,פְּנֵ֣י,1,0.0,0.0,0.0,,0.0,earth,פני,0.5,1
330,earth,פְּנֵ֥י,1,0.0,0.0,0.0,,0.0,earth,פני,0.5,1
331,earth,ר֣וּחַ,1,0.0,0.0,0.0,,0.0,earth,רוח,0.5,1
332,earth,רֵאשִׁ֖ית,1,0.0,0.0,0.0,,0.0,earth,ראשית,0.5,1
333,earth,שָּׁמַ֖יִם,1,0.0,0.0,0.0,,0.0,earth,שמים,0.5,1
334,earth,תְה֑וֹם,1,0.0,0.0,0.0,,0.0,earth,תהום,0.5,1
335,earth,תֹ֨הוּ֙,1,0.0,0.0,0.0,,0.0,earth,תהו,0.5,1
336,evening,אֱלֹהִ֤ים,1,0.0,0.0,0.0,,0.0,evening,אלהים,0.14285714285714285,1
337,evening,אֶחָֽד,1,0.0,0.0,0.0,,0.0,evening,אחד,1.0,1
338,evening,אוֹר֙,1,0.0,0.0,0.0,,0.0,evening,אור,0.3333333333333333,1
339,evening,בֹ֖קֶר,1,0.0,0.0,0.0,,0.0,evening,בקר,1.0,1
340,evening,וְ,1,0.0,0.0,0.0,,0.0,evening,ו,0.14285714285714285,1
341,evening,וַ,1,0.0,0.0,0.0,,0.0,evening,ו,0.14285714285714285,1
342,evening,וַֽ,2,0.0924247796304318,1.0,0.410172856819939,0.1453146728696933,0.5,evening,ו,0.14285714285714285,1
343,evening,חֹ֖שֶׁךְ,1,0.0,0.0,0.0,,0.0,evening,חשך,0.3333333333333333,1
344,evening,י֔וֹם,1,0.0,0.0,0.0,,0.0,evening,יום,1.0,1
345,evening,י֥וֹם,1,0.0,0.0,0.0,,0.0,evening,יום,1.0,1
346,evening,יְהִי,2,0.0054078815977995,0.0,0.0,,0.0,evening,יהי,0.25,1
347,evening,יִּקְרָ֨א,1,0.0,0.0,0.0,,0.0,evening,יקרא,1.0,1
348,evening,לַ,1,0.0,0.0,0.0,,0.0,evening,ל,0.3333333333333333,1
349,evening,לָ,1,0.0,0.0,0.0,,0.0,evening,ל,0.3333333333333333,1
350,evening,לָ֑יְלָה,1,0.0,0.0,0.0,,0.0,evening,לילה,1.0,1
351,evening,עֶ֥רֶב,1,0.0,0.0,0.0,,0.0,evening,ערב,1.0,1
352,evening,קָ֣רָא,1,0.0,0.0,0.0,,0.0,evening,קרא,1.0,1
353,face,אֱלֹהִ֔ים,1,0.0,0.0,0.0,,0.0,face,אלהים,0.14285714285714285,1
354,face,אָ֗רֶץ,1,0.0,0.0,0.0,,0.0,face,ארץ,0.5,1
355,face,בֹ֔הוּ,1,0.0,0.0,0.0,,0.0,face,בהו,1.0,1
356,face,הַ,1,0.0,0.0,0.0,,0.0,face,ה,0.2,1
357,face,הָ,1,0.0,0.0,0.0,,0.0,face,ה,0.2,1
358,face,הָיְתָ֥ה,1,0.0,0.0,0.0,,0.0,face,היתה,1.0,1
359,face,וְ,3,0.0,0.0,0.0,,0.0,face,ו,0.14285714285714285,1
360,face,וָ,1,0.0,0.0,0.0,,0.0,face,ו,0.14285714285714285,1
361,face,חֹ֖שֶׁךְ,1,0.0,0.0,0.0,,0.0,face,חשך,0.3333333333333333,1
362,face,מְרַחֶ֖פֶת,1,0.0,0.0,0.0,,0.0,face,מרחפת,1.0,1
363,face,מָּֽיִם,1,0.0,0.0,0.0,,0.0,face,מים,0.3333333333333333,1
364,face,עַל,2,0.8655007331484212,2.0,0.3808772869420533,0.178748476910509,1.0,face,על,0.5,1
365,face,פְּנֵ֣י,1,0.0,0.0,0.0,,0.0,face,פני,1.0,1
366,face,פְּנֵ֥י,1,0.0,0.0,0.0,,0.0,face,פני,1.0,1
367,face,ר֣וּחַ,1,0.0,0.0,0.0,,0.0,face,רוח,1.0,1
368,face,תְה֑וֹם,1,0.0,0.0,0.0,,0.0,face,תהום,1.0,1
369,face,תֹ֨הוּ֙,1,0.0,0.0,0.0,,0.0,face,תהו,1.0,1
370,firmament,אֱלֹהִ֔ים,1,0.0,0.0,0.0,,0.0,firmament,אלהים,0.2857142857142857,2
371,firmament,אֱלֹהִים֮,1,0.0,0.0,0.0,,0.0,firmament,אלהים,0.2857142857142857,2
372,firmament,אֲשֶׁ֖ר,1,0.0,0.0,0.0,,0.0,firmament,אשר,0.5,1
373,firmament,אֲשֶׁר֙,1,0.0,0.0,0.0,,0.0,firmament,אשר,0.5,1
374,firmament,אֶת,1,0.0,0.0,0.0,,0.0,firmament,את,0.25,1
375,firmament,בֵ֣ין,1,0.0,0.0,0.0,,0.0,firmament,בין,0.6666666666666666,2
376,firmament,בְּ,1,0.0,0.0,0.0,,0.0,firmament,ב,0.3333333333333333,1
377,firmament,בֵּ֤ין,1,0.0,0.0,0.0,,0.0,firmament,בין,0.6666666666666666,2
378,firmament,בֵּ֥ין,1,0.0,0.0,0.0,,0.0,firmament,בין,0.6666666666666666,2
379,firmament,הַ,3,0.0662949441182228,0.0,0.0,,0.0,firmament,ה,0.4,2
380,firmament,הָ,1,0.0,0.0,0.0,,0.0,firmament,ה,0.4,2
381,firmament,וִ,1,0.0,0.0,0.0,,0.0,firmament,ו,0.2857142857142857,2
382,firmament,וַ,3,0.0,0.0,0.0,,0.0,firmament,ו,0.2857142857142857,2
383,firmament,וּ,1,0.0,0.0,0.0,,0.0,firmament,ו,0.2857142857142857,2
384,firmament,וַֽ,1,0.0,0.0,0.0,,0.0,firmament,ו,0.2857142857142857,2
385,firmament,יְהִ֥י,1,0.0,0.0,0.0,,0.0,firmament,יהי,0.5,2
386,firmament,יְהִי,1,0.0,0.0,0.0,,0.0,firmament,יהי,0.5,2
387,firmament,יַּ֣עַשׂ,1,0.0,0.0,0.0,,0.0,firmament,יעש,0.5,1
388,firmament,יַּבְדֵּ֗ל,1,0.0,0.0,0.0,,0.0,firmament,יבדל,0.3333333333333333,1
389,firmament,יֹּ֣אמֶר,1,0.0,0.0,0.0,,0.0,firmament,יאמר,0.3333333333333333,1
390,firmament,יהִ֣י,1,0.0,0.0,0.0,,0.0,firmament,יהי,0.5,2
391,firmament,כֵֽן,1,0.0,0.0,0.0,,0.0,firmament,כן,0.5,1
392,firmament,לָ,3,0.2045889795938165,0.0,0.0,,0.0,firmament,ל,0.6666666666666666,2
393,firmament,מִ,1,0.0,0.0,0.0,,0.0,firmament,מ,0.5,1
394,firmament,מֵ,1,0.0,0.0,0.0,,0.0,firmament,מ,0.5,1
395,firmament,מַ֖יִם,1,0.0,0.0,0.0,,0.0,firmament,מים,0.6666666666666666,2
396,firmament,מַבְדִּ֔יל,1,0.0,0.0,0.0,,0.0,firmament,מבדיל,0.5,1
397,firmament,מָֽיִם,1,0.0,0.0,0.0,,0.0,firmament,מים,0.6666666666666666,2
398,firmament,מַּ֔יִם,1,0.0,0.0,0.0,,0.0,firmament,מים,0.6666666666666666,2
399,firmament,מַּ֨יִם֙,1,0.0,0.0,0.0,,0.0,firmament,מים,0.6666666666666666,2
400,firmament,מָּ֑יִם,1,0.0,0.0,0.0,,0.0,firmament,מים,0.6666666666666666,2
401,firmament,עַ֣ל,1,0.2893111752631261,1.0,0.2330817811597337,0.15537005269912,1.0,firmament,על,0.3333333333333333,1
402,firmament,רָקִ֑יעַ,1,0.2916885066951606,1.0,0.2330817811597337,0.1317776078750943,1.0,firmament,רקיע,1.0,2
403,firmament,רָקִ֔יעַ,1,0.0,0.0,0.0,,0.0,firmament,רקיע,1.0,2
404,firmament,רָקִ֖יעַ,1,0.0,0.0,0.0,,0.0,firmament,רקיע,1.0,2
405,firmament,רָקִיעַ֒,1,0.0,0.0,0.0,,0.0,firmament,רקיע,1.0,2
406,firmament,ת֣וֹךְ,1,0.0,0.0,0.0,,0.0,firmament,תוך,0.5,1
407,firmament,תַּ֣חַת,1,0.0,0.0,0.0,,0.0,firmament,תחת,0.5,1
408,first,אֱלֹהִ֤ים,1,0.0,0.0,0.0,,0.0,first,אלהים,0.14285714285714285,1
409,first,אֶחָֽד,1,0.0,0.0,0.0,,0.0,first,אחד,1.0,1
410,first,אוֹר֙,1,0.0,0.0,0.0,,0.0,first,אור,0.3333333333333333,1
411,first,בֹ֖קֶר,1,0.0,0.0,0.0,,0.0,first,בקר,1.0,1
412,first,וְ,1,0.0,0.0,0.0,,0.0,first,ו,0.14285714285714285,1
413,first,וַ,1,0.0,0.0,0.0,,0.0,first,ו,0.14285714285714285,1
414,first,וַֽ,2,0.0,0.0,0.0,,0.0,first,ו,0.14285714285714285,1
415,first,חֹ֖שֶׁךְ,1,0.0,0.0,0.0,,0.0,first,חשך,0.3333333333333333,1
416,first,י֔וֹם,1,0.0,0.0,0.0,,0.0,first,יום,1.0,1
417,first,י֥וֹם,1,0.8358453827944569,1.0,0.410172856819939,0.2906778718150486,1.0,first,יום,1.0,1
418,first,יְהִי,2,0.0,0.0,0.0,,0.0,first,יהי,0.25,1
419,first,יִּקְרָ֨א,1,0.0,0.0,0.0,,0.0,first,יקרא,1.0,1
420,first,לַ,1,0.0,0.0,0.0,,0.0,first,ל,0.3333333333333333,1
421,first,לָ,1,0.0,0.0,0.0,,0.0,first,ל,0.3333333333333333,1
422,first,לָ֑יְלָה,1,0.0,0.0,0.0,,0.0,first,לילה,1.0,1
423,first,עֶ֥רֶב,1,0.0,0.0,0.0,,0.0,first,ערב,1.0,1
424,first,קָ֣רָא,1,0.0,0.0,0.0,,0.0,first,קרא,1.0,1
425,form,אֱלֹהִ֔ים,1,0.0,0.0,0.0,,0.0,form,אלהים,0.14285714285714285,1
426,form,אָ֗רֶץ,1,0.0,0.0,0.0,,0.0,form,ארץ,0.5,1
427,form,בֹ֔הוּ,1,0.0,0.0,0.0,,0.0,form,בהו,1.0,1
428,form,הַ,1,0.0,0.0,0.0,,0.0,form,ה,0.2,1
429,form,הָ,1,0.0,0.0,0.0,,0.0,form,ה,0.2,1
430,form,הָיְתָ֥ה,1,0.7863499906688469,1.0,0.3808772869420533,0.2287113545368218,1.0,form,היתה,1.0,1
431,form,וְ,3,0.0,0.0,0.0,,0.0,form,ו,0.14285714285714285,1
432,form,וָ,1,0.0,0.0,0.0,,0.0,form,ו,0.14285714285714285,1
433,form,חֹ֖שֶׁךְ,1,0.0,0.0,0.0,,0.0,form,חשך,0.3333333333333333,1
434,form,מְרַחֶ֖פֶת,1,0.0,0.0,0.0,,0.0,form,מרחפת,1.0,1
435,form,מָּֽיִם,1,0.0,0.0,0.0,,0.0,form,מים,0.3333333333333333,1
436,form,עַל,2,0.0,0.0,0.0,,0.0,form,על,0.5,1
437,form,פְּנֵ֣י,1,0.0,0.0,0.0,,0.0,form,פני,1.0,1
438,form,פְּנֵ֥י,1,0.0,0.0,0.0,,0.0,form,פני,1.0,1
439,form,ר֣וּחַ,1,0.0,0.0,0.0,,0.0,form,רוח,1.0,1
440,form,תְה֑וֹם,1,0.0,0.0,0.0,,0.0,form,תהום,1.0,1
441,form,תֹ֨הוּ֙,1,0.0,0.0,0.0,,0.0,form,תהו,1.0,1
442,from,א֖וֹר,2,0.0,0.0,0.0,,0.0,from,אור,0.2,1
443,from,אֱלֹהִ֔ים,2,0.0,0.0,0.0,,0.0,from,אלהים,0.42857142857142855,3
444,from,אֱלֹהִ֛ים,1,0.0,0.0,0.0,,0.0,from,אלהים,0.42857142857142855,3
445,from,אֱלֹהִים֮,1,0.0,0.0,0.0,,0.0,from,אלהים,0.42857142857142855,3
446,from,אֲשֶׁ֖ר,1,0.0,0.0,0.0,,0.0,from,אשר,0.3333333333333333,1
447,from,אֲשֶׁר֙,1,0.0,0.0,0.0,,0.0,from,אשר,0.3333333333333333,1
448,from,אֶת,2,0.0,0.0,0.0,,0.0,from,את,0.5,2
449,from,בֵ֣ין,1,0.0,0.0,0.0,,0.0,from,בין,1.0,3
450,from,בֵ֥ין,1,0.6993078572293644,1.0,0.4674564315442547,0.2985267307877909,1.0,from,בין,1.0,3
451,from,בְּ,1,0.0,0.0,0.0,,0.0,from,ב,0.25,1
452,from,בֵּ֤ין,1,0.0,0.0,0.0,,0.0,from,בין,1.0,3
453,from,בֵּ֥ין,2,0.0,0.0,0.0,,0.0,from,בין,1.0,3
454,from,הַ,4,0.0,0.0,0.0,,0.0,from,ה,0.6,3
455,from,הָ,3,0.0,0.0,0.0,,0.0,from,ה,0.6,3
456,from,וִ,1,0.0,0.0,0.0,,0.0,from,ו,0.42857142857142855,3
457,from,וַ,5,0.0,0.0,0.0,,0.0,from,ו,0.42857142857142855,3
458,from,וּ,2,0.5130599123733357,2.0,0.3502691063519942,0.1596085273957758,1.0,from,ו,0.42857142857142855,3
459,from,וַֽ,1,0.0,0.0,0.0,,0.0,from,ו,0.42857142857142855,3
460,from,חֹֽשֶׁךְ,1,0.0,0.0,0.0,,0.0,from,חשך,0.2,1
461,from,ט֑וֹב,1,0.0,0.0,0.0,,0.0,from,טוב,0.3333333333333333,1
462,from,יְהִ֥י,1,0.0,0.0,0.0,,0.0,from,יהי,0.4,2
463,from,יְהִי,1,0.0,0.0,0.0,,0.0,from,יהי,0.4,2
464,from,יַּ֣עַשׂ,1,0.0,0.0,0.0,,0.0,from,יעש,0.3333333333333333,1
465,from,יַּ֧רְא,1,0.0,0.0,0.0,,0.0,from,ירא,0.3333333333333333,1
466,from,יַּבְדֵּ֗ל,1,0.0,0.0,0.0,,0.0,from,יבדל,0.6666666666666666,2
467,from,יַּבְדֵּ֣ל,1,0.0,0.0,0.0,,0.0,from,יבדל,0.6666666666666666,2
468,from,יֹּ֣אמֶר,1,0.0,0.0,0.0,,0.0,from,יאמר,0.25,1
469,from,יהִ֣י,1,0.0,0.0,0.0,,0.0,from,יהי,0.4,2
470,from,כֵֽן,1,0.0,0.0,0.0,,0.0,from,כן,0.3333333333333333,1
471,from,כִּי,1,0.0,0.0,0.0,,0.0,from,כי,0.3333333333333333,1
472,from,לָ,3,0.1225445080832711,1.0,0.4198248098265879,0.2666987199866523,0.3333333333333333,from,ל,0.5,2
473,from,מִ,1,0.0,0.0,0.0,,0.0,from,מ,0.3333333333333333,1
474,from,מֵ,1,0.0,0.0,0.0,,0.0,from,מ,0.3333333333333333,1
475,from,מַ֖יִם,1,0.0,0.0,0.0,,0.0,from,מים,0.5,2
476,from,מַבְדִּ֔יל,1,0.0,0.0,0.0,,0.0,from,מבדיל,0.3333333333333333,1
477,from,מָֽיִם,1,0.0,0.0,0.0,,0.0,from,מים,0.5,2
478,from,מַּ֔יִם,1,0.0,0.0,0.0,,0.0,from,מים,0.5,2
479,from,מַּ֨יִם֙,1,0.0,0.0,0.0,,0.0,from,מים,0.5,2
480,from,מָּ֑יִם,1,0.0,0.0,0.0,,0.0,from,מים,0.5,2
481,from,עַ֣ל,1,0.0,0.0,0.0,,0.0,from,על,0.25,1
482,from,רָקִ֑יעַ,1,0.0,0.0,0.0,,0.0,from,רקיע,0.6666666666666666,2
483,from,רָקִ֔יעַ,1,0.0,0.0,0.0,,0.0,from,רקיע,0.6666666666666666,2
484,from,רָקִ֖יעַ,1,0.0,0.0,0.0,,0.0,from,רקיע,0.6666666666666666,2
485,from,רָקִיעַ֒,1,0.0,0.0,0.0,,0.0,from,רקיע,0.6666666666666666,2
486,from,ת֣וֹךְ,1,0.0,0.0,0.0,,0.0,from,תוך,0.3333333333333333,1
487,from,תַּ֣חַת,1,0.0,0.0,0.0,,0.0,from,תחת,0.3333333333333333,1
488,god,א֑וֹר,1,0.0,0.0,0.0,,0.0,god,אור,0.42857142857142855,3
489,god,א֖וֹר,2,0.0,0.0,0.0,,0.0,god,אור,0.42857142857142855,3
490,god,אֱלֹהִ֑ים,1,0.8959781619408235,1.0,0.5931549858897882,0.3520373642056694,1.0,god,אלהים,1.0,7
491,god,אֱלֹהִ֔ים,3,0.8285411507311045,3.0,0.422719509437632,0.1885682217040644,1.0,god,אלהים,1.0,7
492,god,אֱלֹהִ֖ים,1,0.0,0.0,0.0,,0.0,god,אלהים,1.0,7
493,god,אֱלֹהִ֛ים,1,0.0,0.0,0.0,,0.0,god,אלהים,1.0,7
494,god,אֱלֹהִ֤ים,1,0.0,0.0,0.0,,0.0,god,אלהים,1.0,7
495,god,אֱלֹהִים֮,1,0.0,0.0,0.0,,0.0,god,אלהים,1.0,7
496,god,אֲשֶׁ֖ר,1,0.0,0.0,0.0,,0.0,god,אשר,0.14285714285714285,1
497,god,אֲשֶׁר֙,1,0.0,0.0,0.0,,0.0,god,אשר,0.14285714285714285,1
498,god,אֵ֥ת,2,0.0,0.0,0.0,,0.0,god,את,0.42857142857142855,3
499,god,אֶחָֽד,1,0.0,0.0,0.0,,0.0,god,אחד,0.14285714285714285,1
500,god,אֶת,2,0.0,0.0,0.0,,0.0,god,את,0.42857142857142855,3
501,god,אָ֗רֶץ,1,0.0,0.0,0.0,,0.0,god,ארץ,0.2857142857142857,2
502,god,אָֽרֶץ,1,0.0,0.0,0.0,,0.0,god,ארץ,0.2857142857142857,2
503,god,אֽוֹר,1,0.0,0.0,0.0,,0.0,god,אור,0.42857142857142855,3
504,god,אוֹר֙,1,0.0,0.0,0.0,,0.0,god,אור,0.42857142857142855,3
505,god,בֵ֣ין,1,0.0,0.0,0.0,,0.0,god,בין,0.42857142857142855,3
506,god,בֵ֥ין,1,0.0,0.0,0.0,,0.0,god,בין,0.42857142857142855,3
507,god,בֹ֔הוּ,1,0.0,0.0,0.0,,0.0,god,בהו,0.14285714285714285,1
508,god,בֹ֖קֶר,1,0.0,0.0,0.0,,0.0,god,בקר,0.14285714285714285,1
509,god,בְּ,2,0.0,0.0,0.0,,0.0,god,ב,0.2857142857142857,2
510,god,בֵּ֤ין,1,0.0,0.0,0.0,,0.0,god,בין,0.42857142857142855,3
511,god,בֵּ֥ין,2,0.0,0.0,0.0,,0.0,god,בין,0.42857142857142855,3
512,god,בָּרָ֣א,1,0.0,0.0,0.0,,0.0,god,ברא,0.14285714285714285,1
513,god,הַ,6,0.0,0.0,0.0,,0.0,god,ה,0.7142857142857143,5
514,god,הָ,5,0.0,0.0,0.0,,0.0,god,ה,0.7142857142857143,5
515,god,הָיְתָ֥ה,1,0.0,0.0,0.0,,0.0,god,היתה,0.14285714285714285,1
516,god,וְ,5,0.0,0.0,0.0,,0.0,god,ו,1.0,7
517,god,וִ,1,0.0,0.0,0.0,,0.0,god,ו,1.0,7
518,god,וַ,7,0.5560436020393996,5.0,0.4264397283909816,0.2775071742341529,0.7142857142857143,god,ו,1.0,7
519,god,וַֽ,3,0.0,0.0,0.0,,0.0,god,ו,1.0,7
520,god,וָ,1,0.0,0.0,0.0,,0.0,god,ו,1.0,7
521,god,וּ,2,0.0,0.0,0.0,,0.0,god,ו,1.0,7
522,god,וַֽ,1,0.0,0.0,0.0,,0.0,god,ו,1.0,7
523,god,חֹ֖שֶׁךְ,2,0.0,0.0,0.0,,0.0,god,חשך,0.42857142857142855,3
524,god,חֹֽשֶׁךְ,1,0.0,0.0,0.0,,0.0,god,חשך,0.42857142857142855,3
525,god,ט֑וֹב,1,0.0,0.0,0.0,,0.0,god,טוב,0.14285714285714285,1
526,god,י֔וֹם,1,0.0,0.0,0.0,,0.0,god,יום,0.14285714285714285,1
527,god,י֥וֹם,1,0.0,0.0,0.0,,0.0,god,יום,0.14285714285714285,1
528,god,יְהִ֣י,1,0.0,0.0,0.0,,0.0,god,יהי,0.5714285714285714,4
529,god,יְהִ֥י,1,0.0,0.0,0.0,,0.0,god,יהי,0.5714285714285714,4
530,god,יְהִי,4,0.0,0.0,0.0,,0.0,god,יהי,0.5714285714285714,4
531,god,יִּקְרָ֨א,1,0.0,0.0,0.0,,0.0,god,יקרא,0.14285714285714285,1
532,god,יַּ֣עַשׂ,1,0.0,0.0,0.0,,0.0,god,יעש,0.14285714285714285,1
533,god,יַּ֧רְא,1,1.5130237782319202e-05,0.0,0.0,,0.0,god,ירא,0.14285714285714285,1
534,god,יַּבְדֵּ֗ל,1,0.0,0.0,0.0,,0.0,god,יבדל,0.2857142857142857,2
535,god,יַּבְדֵּ֣ל,1,0.0,0.0,0.0,,0.0,god,יבדל,0.2857142857142857,2
536,god,יֹּ֣אמֶר,1,0.0,0.0,0.0,,0.0,god,יאמר,0.2857142857142857,2
537,god,יֹּ֥אמֶר,1,0.0,0.0,0.0,,0.0,god,יאמר,0.2857142857142857,2
538,god,יהִ֣י,1,0.0,0.0,0.0,,0.0,god,יהי,0.5714285714285714,4
539,god,כֵֽן,1,0.0,0.0,0.0,,0.0,god,כן,0.14285714285714285,1
540,god,כִּי,1,0.0,0.0,0.0,,0.0,god,כי,0.14285714285714285,1
541,god,לַ,1,0.0,0.0,0.0,,0.0,god,ל,0.42857142857142855,3
542,god,לָ,4,0.0,0.0,0.0,,0.0,god,ל,0.42857142857142855,3
543,god,לָ֑יְלָה,1,0.0,0.0,0.0,,0.0,god,לילה,0.14285714285714285,1
544,god,מְרַחֶ֖פֶת,1,0.0,0.0,0.0,,0.0,god,מרחפת,0.14285714285714285,1
545,god,מִ,1,0.0,0.0,0.0,,0.0,god,מ,0.14285714285714285,1
546,god,מֵ,1,0.0,0.0,0.0,,0.0,god,מ,0.14285714285714285,1
547,god,מַ֖יִם,1,0.0,0.0,0.0,,0.0,god,מים,0.42857142857142855,3
548,god,מַבְדִּ֔יל,1,0.0,0.0,0.0,,0.0,god,מבדיל,0.14285714285714285,1
549,god,מָֽיִם,1,0.0,0.0,0.0,,0.0,god,מים,0.42857142857142855,3
550,god,מַּ֔יִם,1,0.0,0.0,0.0,,0.0,god,מים,0.42857142857142855,3
551,god,מַּ֨יִם֙,1,0.0,0.0,0.0,,0.0,god,מים,0.42857142857142855,3
552,god,מָּ֑יִם,1,0.0,0.0,0.0,,0.0,god,מים,0.42857142857142855,3
553,god,מָּֽיִם,1,0.0,0.0,0.0,,0.0,god,מים,0.42857142857142855,3
554,god,עֶ֥רֶב,1,0.0,0.0,0.0,,0.0,god,ערב,0.14285714285714285,1
555,god,עַ֣ל,1,0.0,0.0,0.0,,0.0,god,על,0.2857142857142857,2
556,god,עַל,2,0.0,0.0,0.0,,0.0,god,על,0.2857142857142857,2
557,god,פְּנֵ֣י,1,0.0,0.0,0.0,,0.0,god,פני,0.14285714285714285,1
558,god,פְּנֵ֥י,1,0.0,0.0,0.0,,0.0,god,פני,0.14285714285714285,1
559,god,קָ֣רָא,1,0.0,0.0,0.0,,0.0,god,קרא,0.14285714285714285,1
560,god,ר֣וּחַ,1,0.0,0.0,0.0,,0.0,god,רוח,0.14285714285714285,1
561,god,רֵאשִׁ֖ית,1,0.0,0.0,0.0,,0.0,god,ראשית,0.14285714285714285,1
562,god,רָקִ֑יעַ,1,0.0,0.0,0.0,,0.0,god,רקיע,0.2857142857142857,2
563,god,רָקִ֔יעַ,1,0.0,0.0,0.0,,0.0,god,רקיע,0.2857142857142857,2
564,god,רָקִ֖יעַ,1,0.0,0.0,0.0,,0.0,god,רקיע,0.2857142857142857,2
565,god,רָקִיעַ֒,1,0.0,0.0,0.0,,0.0,god,רקיע,0.2857142857142857,2
566,god,שָּׁמַ֖יִם,1,0.0,0.0,0.0,,0.0,god,שמים,0.14285714285714285,1
567,god,ת֣וֹךְ,1,0.0,0.0,0.0,,0.0,god,תוך,0.14285714285714285,1
568,god,תְה֑וֹם,1,0.0,0.0,0.0,,0.0,god,תהום,0.14285714285714285,1
569,god,תֹ֨הוּ֙,1,0.0,0.0,0.0,,0.0,god,תהו,0.14285714285714285,1
570,god,תַּ֣חַת,1,0.0,0.0,0.0,,0.0,god,תחת,0.14285714285714285,1
571,good,א֖וֹר,2,0.0,0.0,0.0,,0.0,good,אור,0.3333333333333333,1
572,good,אֱלֹהִ֔ים,1,0.0,0.0,0.0,,0.0,good,אלהים,0.14285714285714285,1
573,good,אֱלֹהִ֛ים,1,0.0,0.0,0.0,,0.0,good,אלהים,0.14285714285714285,1
574,good,אֶת,1,0.0,0.0,0.0,,0.0,good,את,0.3333333333333333,1
575,good,בֵ֥ין,1,0.0,0.0,0.0,,0.0,good,בין,0.3333333333333333,1
576,good,בֵּ֥ין,1,0.0,0.0,0.0,,0.0,good,בין,0.3333333333333333,1
577,good,הַ,1,0.0,0.0,0.0,,0.0,good,ה,0.2,1
578,good,הָ,2,0.0,0.0,0.0,,0.0,good,ה,0.2,1
579,good,וַ,2,0.0,0.0,0.0,,0.0,good,ו,0.14285714285714285,1
580,good,וּ,1,0.0,0.0,0.0,,0.0,good,ו,0.14285714285714285,1
581,good,חֹֽשֶׁךְ,1,0.0,0.0,0.0,,0.0,good,חשך,0.3333333333333333,1
582,good,ט֑וֹב,1,0.0,0.0,0.0,,0.0,good,טוב,1.0,1
583,good,יַּ֧רְא,1,0.0,0.0,0.0,,0.0,good,ירא,1.0,1
584,good,יַּבְדֵּ֣ל,1,0.847529079242732,1.0,0.4674564315442547,0.223361812216728,1.0,good,יבדל,0.5,1
585,good,כִּי,1,0.0,0.0,0.0,,0.0,good,כי,1.0,1
586,he,אֱלֹהִ֤ים,1,0.0,0.0,0.0,,0.0,he,אלהים,0.14285714285714285,1
587,he,אֶחָֽד,1,0.0,0.0,0.0,,0.0,he,אחד,1.0,1
588,he,אוֹר֙,1,0.0,0.0,0.0,,0.0,he,אור,0.3333333333333333,1
589,he,בֹ֖קֶר,1,0.0,0.0,0.0,,0.0,he,בקר,1.0,1
590,he,וְ,1,0.0,0.0,0.0,,0.0,he,ו,0.14285714285714285,1
591,he,וַ,1,0.0,0.0,0.0,,0.0,he,ו,0.14285714285714285,1
592,he,וַֽ,2,0.0,0.0,0.0,,0.0,he,ו,0.14285714285714285,1
593,he,חֹ֖שֶׁךְ,1,0.0,0.0,0.0,,0.0,he,חשך,0.3333333333333333,1
594,he,י֔וֹם,1,0.0,0.0,0.0,,0.0,he,יום,1.0,1
595,he,י֥וֹם,1,0.0,0.0,0.0,,0.0,he,יום,1.0,1
596,he,יְהִי,2,0.0,0.0,0.0,,0.0,he,יהי,0.25,1
597,he,יִּקְרָ֨א,1,0.0,0.0,0.0,,0.0,he,יקרא,1.0,1
598,he,לַ,1,0.8358419512511684,1.0,0.410172856819939,0.1741604458424877,1.0,he,ל,0.3333333333333333,1
599,he,לָ,1,0.0,0.0,0.0,,0.0,he,ל,0.3333333333333333,1
600,he,לָ֑יְלָה,1,0.0,0.0,0.0,,0.0,he,לילה,1.0,1
601,he,עֶ֥רֶב,1,0.0,0.0,0.0,,0.0,he,ערב,1.0,1
602,he,קָ֣רָא,1,0.0,0.0,0.0,,0.0,he,קרא,1.0,1
603,heaven,אֱלֹהִ֑ים,1,0.0,0.0,0.0,,0.0,heaven,אלהים,0.14285714285714285,1
604,heaven,אֵ֥ת,2,0.1892559805534409,1.0,0.5931549858897882,0.1433769466702664,0.5,heaven,את,0.3333333333333333,1
605,heaven,אָֽרֶץ,1,0.0,0.0,0.0,,0.0,heaven,ארץ,0.5,1
606,heaven,בְּ,1,0.0,0.0,0.0,,0.0,heaven,ב,0.5,1
607,heaven,בָּרָ֣א,1,0.0,0.0,0.0,,0.0,heaven,ברא,1.0,1
608,heaven,הַ,1,0.0,0.0,0.0,,0.0,heaven,ה,0.2,1
609,heaven,הָ,1,0.0,0.0,0.0,,0.0,heaven,ה,0.2,1
610,heaven,וְ,1,0.0,0.0,0.0,,0.0,heaven,ו,0.14285714285714285,1
611,heaven,רֵאשִׁ֖ית,1,0.0,0.0,0.0,,0.0,heaven,ראשית,1.0,1
612,heaven,שָּׁמַ֖יִם,1,0.8891057140707346,1.0,0.5931549858897882,0.2601471530633327,1.0,heaven,שמים,1.0,1
613,in,אֱלֹהִ֑ים,1,0.0,0.0,0.0,,0.0,in,אלהים,0.2857142857142857,2
614,in,אֱלֹהִ֔ים,1,0.0,0.0,0.0,,0.0,in,אלהים,0.2857142857142857,2
615,in,אֵ֥ת,2,0.0,0.0,0.0,,0.0,in,את,0.25,1
616,in,אָֽרֶץ,1,0.0,0.0,0.0,,0.0,in,ארץ,0.3333333333333333,1
617,in,בְּ,2,0.8912732054725461,2.0,0.5064898978581881,0.4248182435101342,1.0,in,ב,1.0,2
618,in,בֵּ֥ין,1,0.0,0.0,0.0,,0.0,in,בין,0.25,1
619,in,בָּרָ֣א,1,0.0,0.0,0.0,,0.0,in,ברא,0.5,1
620,in,הַ,2,0.0,0.0,0.0,,0.0,in,ה,0.4,2
621,in,הָ,1,0.0,0.0,0.0,,0.0,in,ה,0.4,2
622,in,וְ,1,0.0,0.0,0.0,,0.0,in,ו,0.2857142857142857,2
623,in,וִ,1,0.0,0.0,0.0,,0.0,in,ו,0.2857142857142857,2
624,in,וַ,1,0.0,0.0,0.0,,0.0,in,ו,0.2857142857142857,2
625,in,יְהִ֥י,1,0.0,0.0,0.0,,0.0,in,יהי,0.2,1
626,in,יֹּ֣אמֶר,1,0.0,0.0,0.0,,0.0,in,יאמר,0.3333333333333333,1
627,in,יהִ֣י,1,0.0,0.0,0.0,,0.0,in,יהי,0.2,1
628,in,לָ,1,0.0,0.0,0.0,,0.0,in,ל,0.25,1
629,in,מַ֖יִם,1,0.0,0.0,0.0,,0.0,in,מים,0.25,1
630,in,מַבְדִּ֔יל,1,0.0,0.0,0.0,,0.0,in,מבדיל,0.5,1
631,in,מָֽיִם,1,0.0,0.0,0.0,,0.0,in,מים,0.25,1
632,in,מָּ֑יִם,1,0.0,0.0,0.0,,0.0,in,מים,0.25,1
633,in,רֵאשִׁ֖ית,1,0.1830016102845746,1.0,0.5931549858897882,0.2462715509503464,1.0,in,ראשית,0.5,1
634,in,רָקִ֖יעַ,1,0.0,0.0,0.0,,0.0,in,רקיע,0.3333333333333333,1
635,in,שָּׁמַ֖יִם,1,0.0,0.0,0.0,,0.0,in,שמים,0.5,1
636,in,ת֣וֹךְ,1,0.0,0.0,0.0,,0.0,in,תוך,0.5,1
637,it,א֖וֹר,2,0.0177553466923231,0.0,0.0,,0.0,it,אור,0.2,1
638,it,אֱלֹהִ֔ים,2,0.0,0.0,0.0,,0.0,it,אלהים,0.42857142857142855,3
639,it,אֱלֹהִ֛ים,1,0.0,0.0,0.0,,0.0,it,אלהים,0.42857142857142855,3
640,it,אֱלֹהִים֮,1,0.0,0.0,0.0,,0.0,it,אלהים,0.42857142857142855,3
641,it,אֲשֶׁ֖ר,1,0.0,0.0,0.0,,0.0,it,אשר,0.3333333333333333,1
642,it,אֲשֶׁר֙,1,0.0,0.0,0.0,,0.0,it,אשר,0.3333333333333333,1
643,it,אֶת,2,0.0,0.0,0.0,,0.0,it,את,0.5,2
644,it,בֵ֣ין,1,0.0,0.0,0.0,,0.0,it,בין,1.0,3
645,it,בֵ֥ין,1,0.0,0.0,0.0,,0.0,it,בין,1.0,3
646,it,בְּ,1,0.0,0.0,0.0,,0.0,it,ב,0.25,1
647,it,בֵּ֤ין,1,0.0,0.0,0.0,,0.0,it,בין,1.0,3
648,it,בֵּ֥ין,2,0.1264147386964209,0.0,0.0,,0.0,it,בין,1.0,3
649,it,הַ,4,0.0,0.0,0.0,,0.0,it,ה,0.6,3
650,it,הָ,3,0.0,0.0,0.0,,0.0,it,ה,0.6,3
651,it,וִ,1,0.0,0.0,0.0,,0.0,it,ו,0.42857142857142855,3
652,it,וַ,5,0.0,0.0,0.0,,0.0,it,ו,0.42857142857142855,3
653,it,וּ,2,0.0,0.0,0.0,,0.0,it,ו,0.42857142857142855,3
654,it,וַֽ,1,0.291573262921605,1.0,0.2330817811597337,0.2187761164740247,1.0,it,ו,0.42857142857142855,3
655,it,חֹֽשֶׁךְ,1,0.0,0.0,0.0,,0.0,it,חשך,0.2,1
656,it,ט֑וֹב,1,0.2805256549752526,1.0,0.4674564315442547,0.2086871644940765,1.0,it,טוב,0.3333333333333333,1
657,it,יְהִ֥י,1,0.0,0.0,0.0,,0.0,it,יהי,0.4,2
658,it,יְהִי,1,0.0,0.0,0.0,,0.0,it,יהי,0.4,2
659,it,יַּ֣עַשׂ,1,0.0,0.0,0.0,,0.0,it,יעש,0.3333333333333333,1
660,it,יַּ֧רְא,1,0.0,0.0,0.0,,0.0,it,ירא,0.3333333333333333,1
661,it,יַּבְדֵּ֗ל,1,0.0,0.0,0.0,,0.0,it,יבדל,0.6666666666666666,2
662,it,יַּבְדֵּ֣ל,1,0.0,0.0,0.0,,0.0,it,יבדל,0.6666666666666666,2
663,it,יֹּ֣אמֶר,1,0.0,0.0,0.0,,0.0,it,יאמר,0.25,1
664,it,יהִ֣י,1,0.0,0.0,0.0,,0.0,it,יהי,0.4,2
665,it,כֵֽן,1,0.0,0.0,0.0,,0.0,it,כן,0.3333333333333333,1
666,it,כִּי,1,0.0,0.0,0.0,,0.0,it,כי,0.3333333333333333,1
667,it,לָ,3,0.0012430817117879,0.0,0.0,,0.0,it,ל,0.5,2
668,it,מִ,1,0.0,0.0,0.0,,0.0,it,מ,0.3333333333333333,1
669,it,מֵ,1,0.0,0.0,0.0,,0.0,it,מ,0.3333333333333333,1
670,it,מַ֖יִם,1,0.0,0.0,0.0,,0.0,it,מים,0.5,2
671,it,מַבְדִּ֔יל,1,0.0986019635753371,1.0,0.4198248098265879,0.2599426426016065,1.0,it,מבדיל,0.3333333333333333,1
672,it,מָֽיִם,1,0.0,0.0,0.0,,0.0,it,מים,0.5,2
673,it,מַּ֔יִם,1,0.0,0.0,0.0,,0.0,it,מים,0.5,2
674,it,מַּ֨יִם֙,1,0.0,0.0,0.0,,0.0,it,מים,0.5,2
675,it,מָּ֑יִם,1,0.0,0.0,0.0,,0.0,it,מים,0.5,2
676,it,עַ֣ל,1,0.0,0.0,0.0,,0.0,it,על,0.25,1
677,it,רָקִ֑יעַ,1,0.0,0.0,0.0,,0.0,it,רקיע,0.6666666666666666,2
678,it,רָקִ֔יעַ,1,0.0,0.0,0.0,,0.0,it,רקיע,0.6666666666666666,2
679,it,רָקִ֖יעַ,1,0.0,0.0,0.0,,0.0,it,רקיע,0.6666666666666666,2
680,it,רָקִיעַ֒,1,0.0,0.0,0.0,,0.0,it,רקיע,0.6666666666666666,2
681,it,ת֣וֹךְ,1,0.0,0.0,0.0,,0.0,it,תוך,0.3333333333333333,1
682,it,תַּ֣חַת,1,0.0,0.0,0.0,,0.0,it,תחת,0.3333333333333333,1
683,let,א֑וֹר,1,0.0,0.0,0.0,,0.0,let,אור,0.25,1
684,let,אֱלֹהִ֔ים,1,0.0,0.0,0.0,,0.0,let,אלהים,0.2857142857142857,2
685,let,אֱלֹהִ֖ים,1,0.8975467151930105,1.0,0.6016627626043927,0.4873572602308189,1.0,let,אלהים,0.2857142857142857,2
686,let,אֽוֹר,1,0.0,0.0,0.0,,0.0,let,אור,0.25,1
687,let,בְּ,1,0.0,0.0,0.0,,0.0,let,ב,0.3333333333333333,1
688,let,בֵּ֥ין,1,0.0,0.0,0.0,,0.0,let,בין,0.25,1
689,let,הַ,1,0.0,0.0,0.0,,0.0,let,ה,0.16666666666666666,1
690,let,וִ,1,0.0,0.0,0.0,,0.0,let,ו,0.2857142857142857,2
691,let,וַ,2,0.0,0.0,0.0,,0.0,let,ו,0.2857142857142857,2
692,let,וַֽ,1,0.0,0.0,0.0,,0.0,let,ו,0.2857142857142857,2
693,let,יְהִ֣י,1,0.0,0.0,0.0,,0.0,let,יהי,0.5,2
694,let,יְהִ֥י,1,0.0,0.0,0.0,,0.0,let,יהי,0.5,2
695,let,יְהִי,1,0.0,0.0,0.0,,0.0,let,יהי,0.5,2
696,let,יֹּ֣אמֶר,1,0.3116955220716479,1.0,0.4198248098265879,0.1988949910711296,1.0,let,יאמר,1.0,2
697,let,יֹּ֥אמֶר,1,0.0,0.0,0.0,,0.0,let,יאמר,1.0,2
698,let,יהִ֣י,1,0.8188115910741801,1.0,0.4198248098265879,0.2628973804398851,1.0,let,יהי,0.5,2
699,let,לָ,1,0.0,0.0,0.0,,0.0,let,ל,0.25,1
700,let,מַ֖יִם,1,0.0,0.0,0.0,,0.0,let,מים,0.25,1
701,let,מַבְדִּ֔יל,1,0.0,0.0,0.0,,0.0,let,מבדיל,0.5,1
702,let,מָֽיִם,1,0.0,0.0,0.0,,0.0,let,מים,0.25,1
703,let,מָּ֑יִם,1,0.0,0.0,0.0,,0.0,let,מים,0.25,1
704,let,רָקִ֖יעַ,1,0.0,0.0,0.0,,0.0,let,רקיע,0.3333333333333333,1
705,let,ת֣וֹךְ,1,0.0,0.0,0.0,,0.0,let,תוך,0.5,1
706,light,א֑וֹר,1,0.3697413444737022,1.0,0.6016627626043927,0.4799012469988715,1.0,light,אור,1.0,3
707,light,א֖וֹר,2,0.5079502842515418,2.0,0.4674564315442547,0.145747806982809,1.0,light,אור,1.0,3
708,light,אֱלֹהִ֔ים,1,0.0,0.0,0.0,,0.0,light,אלהים,0.42857142857142855,3
709,light,אֱלֹהִ֖ים,1,0.0,0.0,0.0,,0.0,light,אלהים,0.42857142857142855,3
710,light,אֱלֹהִ֛ים,1,0.0,0.0,0.0,,0.0,light,אלהים,0.42857142857142855,3
711,light,אֱלֹהִ֤ים,1,0.0,0.0,0.0,,0.0,light,אלהים,0.42857142857142855,3
712,light,אֶחָֽד,1,0.0,0.0,0.0,,0.0,light,אחד,0.3333333333333333,1
713,light,אֶת,1,0.0,0.0,0.0,,0.0,light,את,0.2,1
714,light,אֽוֹר,1,0.8916330165988899,1.0,0.6016627626043927,0.6503217066537845,1.0,light,אור,1.0,3
715,light,אוֹר֙,1,0.0,0.0,0.0,,0.0,light,אור,1.0,3
716,light,בֵ֥ין,1,0.0,0.0,0.0,,0.0,light,בין,0.2,1
717,light,בֹ֖קֶר,1,0.0,0.0,0.0,,0.0,light,בקר,0.3333333333333333,1
718,light,בֵּ֥ין,1,0.0,0.0,0.0,,0.0,light,בין,0.2,1
719,light,הַ,1,0.0,0.0,0.0,,0.0,light,ה,0.14285714285714285,1
720,light,הָ,2,0.0,0.0,0.0,,0.0,light,ה,0.14285714285714285,1
721,light,וְ,1,0.0,0.0,0.0,,0.0,light,ו,0.42857142857142855,3
722,light,וַ,4,0.0,0.0,0.0,,0.0,light,ו,0.42857142857142855,3
723,light,וַֽ,3,0.0,0.0,0.0,,0.0,light,ו,0.42857142857142855,3
724,light,וּ,1,0.0,0.0,0.0,,0.0,light,ו,0.42857142857142855,3
725,light,חֹ֖שֶׁךְ,1,0.0,0.0,0.0,,0.0,light,חשך,0.5,2
726,light,חֹֽשֶׁךְ,1,0.0,0.0,0.0,,0.0,light,חשך,0.5,2
727,light,ט֑וֹב,1,0.0,0.0,0.0,,0.0,light,טוב,0.3333333333333333,1
728,light,י֔וֹם,1,0.0,0.0,0.0,,0.0,light,יום,0.3333333333333333,1
729,light,י֥וֹם,1,0.0,0.0,0.0,,0.0,light,יום,0.3333333333333333,1
730,light,יְהִ֣י,1,0.0,0.0,0.0,,0.0,light,יהי,0.4,2
731,light,יְהִי,3,0.0,0.0,0.0,,0.0,light,יהי,0.4,2
732,light,יִּקְרָ֨א,1,0.0,0.0,0.0,,0.0,light,יקרא,0.3333333333333333,1
733,light,יַּ֧רְא,1,0.0,0.0,0.0,,0.0,light,ירא,0.3333333333333333,1
734,light,יַּבְדֵּ֣ל,1,0.0,0.0,0.0,,0.0,light,יבדל,0.25,1
735,light,יֹּ֥אמֶר,1,0.0,0.0,0.0,,0.0,light,יאמר,0.25,1
736,light,כִּי,1,0.0,0.0,0.0,,0.0,light,כי,0.3333333333333333,1
737,light,לַ,1,0.0,0.0,0.0,,0.0,light,ל,0.2,1
738,light,לָ,1,0.0,0.0,0.0,,0.0,light,ל,0.2,1
739,light,לָ֑יְלָה,1,0.0,0.0,0.0,,0.0,light,לילה,0.3333333333333333,1
740,light,עֶ֥רֶב,1,0.0,0.0,0.0,,0.0,light,ערב,0.3333333333333333,1
741,light,קָ֣רָא,1,0.0,0.0,0.0,,0.0,light,קרא,0.3333333333333333,1
742,made,אֱלֹהִים֮,1,0.8133784526867186,1.0,0.2330817811597337,0.2149422894946126,1.0,made,אלהים,0.14285714285714285,1
743,made,אֲשֶׁ֖ר,1,0.0,0.0,0.0,,0.0,made,אשר,1.0,1
744,made,אֲשֶׁר֙,1,0.0,0.0,0.0,,0.0,made,אשר,1.0,1
745,made,אֶת,1,0.0,0.0,0.0,,0.0,made,את,0.3333333333333333,1
746,made,בֵ֣ין,1,0.0,0.0,0.0,,0.0,made,בין,0.3333333333333333,1
747,made,בֵּ֤ין,1,0.0,0.0,0.0,,0.0,made,בין,0.3333333333333333,1
748,made,הַ,2,0.0,0.0,0.0,,0.0,made,ה,0.2,1
749,made,הָ,1,0.0,0.0,0.0,,0.0,made,ה,0.2,1
750,made,וַ,2,0.0,0.0,0.0,,0.0,made,ו,0.14285714285714285,1
751,made,וּ,1,0.0,0.0,0.0,,0.0,made,ו,0.14285714285714285,1
752,made,וַֽ,1,0.0,0.0,0.0,,0.0,made,ו,0.14285714285714285,1
753,made,יְהִי,1,0.0,0.0,0.0,,0.0,made,יהי,0.25,1
754,made,יַּ֣עַשׂ,1,0.0733142037090335,1.0,0.2330817811597337,0.1643144368992908,1.0,made,יעש,1.0,1
755,made,יַּבְדֵּ֗ל,1,0.0,0.0,0.0,,0.0,made,יבדל,0.5,1
756,made,כֵֽן,1,0.0,0.0,0.0,,0.0,made,כן,1.0,1
757,made,לָ,2,0.0,0.0,0.0,,0.0,made,ל,0.3333333333333333,1
758,made,מִ,1,0.0,0.0,0.0,,0.0,made,מ,1.0,1
759,made,מֵ,1,0.0,0.0,0.0,,0.0,made,מ,1.0,1
760,made,מַּ֔יִם,1,0.0,0.0,0.0,,0.0,made,מים,0.3333333333333333,1
761,made,מַּ֨יִם֙,1,0.0,0.0,0.0,,0.0,made,מים,0.3333333333333333,1
762,made,עַ֣ל,1,0.0,0.0,0.0,,0.0,made,על,0.5,1
763,made,רָקִ֑יעַ,1,0.0,0.0,0.0,,0.0,made,רקיע,0.5,1
764,made,רָקִ֔יעַ,1,0.0,0.0,0.0,,0.0,made,רקיע,0.5,1
765,made,רָקִיעַ֒,1,0.0,0.0,0.0,,0.0,made,רקיע,0.5,1
766,made,תַּ֣חַת,1,0.0,0.0,0.0,,0.0,made,תחת,1.0,1
767,midst,אֱלֹהִ֔ים,1,0.0,0.0,0.0,,0.0,midst,אלהים,0.14285714285714285,1
768,midst,בְּ,1,0.0,0.0,0.0,,0.0,midst,ב,0.5,1
769,midst,בֵּ֥ין,1,0.0,0.0,0.0,,0.0,midst,בין,0.3333333333333333,1
770,midst,הַ,1,0.0,0.0,0.0,,0.0,midst,ה,0.2,1
771,midst,וִ,1,0.0,0.0,0.0,,0.0,midst,ו,0.14285714285714285,1
772,midst,וַ,1,0.0,0.0,0.0,,0.0,midst,ו,0.14285714285714285,1
773,midst,יְהִ֥י,1,0.0,0.0,0.0,,0.0,midst,יהי,0.25,1
774,midst,יֹּ֣אמֶר,1,0.0,0.0,0.0,,0.0,midst,יאמר,0.5,1
775,midst,יהִ֣י,1,0.0,0.0,0.0,,0.0,midst,יהי,0.25,1
776,midst,לָ,1,0.0,0.0,0.0,,0.0,midst,ל,0.3333333333333333,1
777,midst,מַ֖יִם,1,0.0,0.0,0.0,,0.0,midst,מים,0.3333333333333333,1
778,midst,מַבְדִּ֔יל,1,0.0,0.0,0.0,,0.0,midst,מבדיל,1.0,1
779,midst,מָֽיִם,1,0.0,0.0,0.0,,0.0,midst,מים,0.3333333333333333,1
780,midst,מָּ֑יִם,1,0.0,0.0,0.0,,0.0,midst,מים,0.3333333333333333,1
781,midst,רָקִ֖יעַ,1,0.0,0.0,0.0,,0.0,midst,רקיע,0.5,1
782,midst,ת֣וֹךְ,1,0.8025731246479577,1.0,0.4198248098265879,0.1929128923189796,1.0,midst,תוך,1.0,1
783,morning,אֱלֹהִ֤ים,1,0.0,0.0,0.0,,0.0,morning,אלהים,0.14285714285714285,1
784,morning,אֶחָֽד,1,0.0,0.0,0.0,,0.0,morning,אחד,1.0,1
785,morning,אוֹר֙,1,0.0,0.0,0.0,,0.0,morning,אור,0.3333333333333333,1
786,morning,בֹ֖קֶר,1,0.0,0.0,0.0,,0.0,morning,בקר,1.0,1
787,morning,וְ,1,0.0,0.0,0.0,,0.0,morning,ו,0.14285714285714285,1
788,morning,וַ,1,0.0,0.0,0.0,,0.0,morning,ו,0.14285714285714285,1
789,morning,וַֽ,2,0.0031300174725562,0.0,0.0,,0.0,morning,ו,0.14285714285714285,1
790,morning,חֹ֖שֶׁךְ,1,0.0,0.0,0.0,,0.0,morning,חשך,0.3333333333333333,1
791,morning,י֔וֹם,1,0.0,0.0,0.0,,0.0,morning,יום,1.0,1
792,morning,י֥וֹם,1,0.0,0.0,0.0,,0.0,morning,יום,1.0,1
793,morning,יְהִי,2,0.0718291806702584,1.0,0.410172856819939,0.2031642503450827,0.5,morning,יהי,0.25,1
794,morning,יִּקְרָ֨א,1,0.0,0.0,0.0,,0.0,morning,יקרא,1.0,1
795,morning,לַ,1,0.0,0.0,0.0,,0.0,morning,ל,0.3333333333333333,1
796,morning,לָ,1,0.0,0.0,0.0,,0.0,morning,ל,0.3333333333333333,1
797,morning,לָ֑יְלָה,1,0.0,0.0,0.0,,0.0,morning,לילה,1.0,1
798,morning,עֶ֥רֶב,1,0.0,0.0,0.0,,0.0,morning,ערב,1.0,1
799,morning,קָ֣רָא,1,0.0,0.0,0.0,,0.0,morning,קרא,1.0,1
800,moved,אֱלֹהִ֔ים,1,0.0,0.0,0.0,,0.0,moved,אלהים,0.14285714285714285,1
801,moved,אָ֗רֶץ,1,0.0,0.0,0.0,,0.0,moved,ארץ,0.5,1
802,moved,בֹ֔הוּ,1,0.0,0.0,0.0,,0.0,moved,בהו,1.0,1
803,moved,הַ,1,0.0,0.0,0.0,,0.0,moved,ה,0.2,1
804,moved,הָ,1,0.0,0.0,0.0,,0.0,moved,ה,0.2,1
805,moved,הָיְתָ֥ה,1,0.0,0.0,0.0,,0.0,moved,היתה,1.0,1
806,moved,וְ,3,0.0,0.0,0.0,,0.0,moved,ו,0.14285714285714285,1
807,moved,וָ,1,0.0,0.0,0.0,,0.0,moved,ו,0.14285714285714285,1
808,moved,חֹ֖שֶׁךְ,1,0.0,0.0,0.0,,0.0,moved,חשך,0.3333333333333333,1
809,moved,מְרַחֶ֖פֶת,1,0.8025440216856801,1.0,0.3808772869420533,0.2210211197968089,1.0,moved,מרחפת,1.0,1
810,moved,מָּֽיִם,1,0.0,0.0,0.0,,0.0,moved,מים,0.3333333333333333,1
811,moved,עַל,2,0.0,0.0,0.0,,0.0,moved,על,0.5,1
812,moved,פְּנֵ֣י,1,0.0,0.0,0.0,,0.0,moved,פני,1.0,1
813,moved,פְּנֵ֥י,1,0.0,0.0,0.0,,0.0,moved,פני,1.0,1
814,moved,ר֣וּחַ,1,0.0,0.0,0.0,,0.0,moved,רוח,1.0,1
815,moved,תְה֑וֹם,1,0.0,0.0,0.0,,0.0,moved,תהום,1.0,1
816,moved,תֹ֨הוּ֙,1,0.0,0.0,0.0,,0.0,moved,תהו,1.0,1
817,night,אֱלֹהִ֤ים,1,0.0,0.0,0.0,,0.0,night,אלהים,0.14285714285714285,1
818,night,אֶחָֽד,1,0.0,0.0,0.0,,0.0,night,אחד,1.0,1
819,night,אוֹר֙,1,0.0,0.0,0.0,,0.0,night,אור,0.3333333333333333,1
820,night,בֹ֖קֶר,1,0.0,0.0,0.0,,0.0,night,בקר,1.0,1
821,night,וְ,1,0.0,0.0,0.0,,0.0,night,ו,0.14285714285714285,1
822,night,וַ,1,0.0,0.0,0.0,,0.0,night,ו,0.14285714285714285,1
823,night,וַֽ,2,0.0,0.0,0.0,,0.0,night,ו,0.14285714285714285,1
824,night,חֹ֖שֶׁךְ,1,0.0,0.0,0.0,,0.0,night,חשך,0.3333333333333333,1
825,night,י֔וֹם,1,0.0,0.0,0.0,,0.0,night,יום,1.0,1
826,night,י֥וֹם,1,0.0,0.0,0.0,,0.0,night,יום,1.0,1
827,night,יְהִי,2,0.0,0.0,0.0,,0.0,night,יהי,0.25,1
828,night,יִּקְרָ֨א,1,0.0,0.0,0.0,,0.0,night,יקרא,1.0,1
829,night,לַ,1,0.0,0.0,0.0,,0.0,night,ל,0.3333333333333333,1
830,night,לָ,1,0.0,0.0,0.0,,0.0,night,ל,0.3333333333333333,1
831,night,לָ֑יְלָה,1,0.1456236653366815,0.0,0.0,,0.0,night,לילה,1.0,1
832,night,עֶ֥רֶב,1,0.0,0.0,0.0,,0.0,night,ערב,1.0,1
833,night,קָ֣רָא,1,0.7848700628444021,1.0,0.410172856819939,0.2001541484225744,1.0,night,קרא,1.0,1
834,of,אֱלֹהִ֔ים,2,0.0,0.0,0.0,,0.0,of,אלהים,0.2857142857142857,2
835,of,אָ֗רֶץ,1,0.0,0.0,0.0,,0.0,of,ארץ,0.3333333333333333,1
836,of,בֹ֔הוּ,1,0.0,0.0,0.0,,0.0,of,בהו,0.5,1
837,of,בְּ,1,0.0,0.0,0.0,,0.0,of,ב,0.3333333333333333,1
838,of,בֵּ֥ין,1,0.0,0.0,0.0,,0.0,of,בין,0.25,1
839,of,הַ,2,0.064293523999162,1.0,0.4198248098265879,0.2322849163417413,0.5,of,ה,0.4,2
840,of,הָ,1,0.0,0.0,0.0,,0.0,of,ה,0.4,2
841,of,הָיְתָ֥ה,1,0.0,0.0,0.0,,0.0,of,היתה,0.5,1
842,of,וְ,3,0.0,0.0,0.0,,0.0,of,ו,0.2857142857142857,2
843,of,וִ,1,0.0,0.0,0.0,,0.0,of,ו,0.2857142857142857,2
844,of,וַ,1,0.0,0.0,0.0,,0.0,of,ו,0.2857142857142857,2
845,of,וָ,1,0.0,0.0,0.0,,0.0,of,ו,0.2857142857142857,2
846,of,חֹ֖שֶׁךְ,1,0.0,0.0,0.0,,0.0,of,חשך,0.25,1
847,of,יְהִ֥י,1,0.0,0.0,0.0,,0.0,of,יהי,0.2,1
848,of,יֹּ֣אמֶר,1,0.0,0.0,0.0,,0.0,of,יאמר,0.3333333333333333,1
849,of,יהִ֣י,1,0.0,0.0,0.0,,0.0,of,יהי,0.2,1
850,of,לָ,1,0.0,0.0,0.0,,0.0,of,ל,0.25,1
851,of,מְרַחֶ֖פֶת,1,0.1338583612422063,1.0,0.3808772869420533,0.1112517706328138,1.0,of,מרחפת,0.5,1
852,of,מַ֖יִם,1,0.0,0.0,0.0,,0.0,of,מים,0.6666666666666666,2
853,of,מַבְדִּ֔יל,1,0.0,0.0,0.0,,0.0,of,מבדיל,0.5,1
854,of,מָֽיִם,1,0.0,0.0,0.0,,0.0,of,מים,0.6666666666666666,2
855,of,מָּ֑יִם,1,0.0,0.0,0.0,,0.0,of,מים,0.6666666666666666,2
856,of,מָּֽיִם,1,0.1269921387949744,1.0,0.3808772869420533,0.1443280008577362,1.0,of,מים,0.6666666666666666,2
857,of,עַל,2,0.3268841407317399,2.0,0.3808772869420533,0.1608063869014084,1.0,of,על,0.3333333333333333,1
858,of,פְּנֵ֣י,1,0.0,0.0,0.0,,0.0,of,פני,0.5,1
859,of,פְּנֵ֥י,1,0.1347815465320944,1.0,0.3808772869420533,0.2094370623165726,1.0,of,פני,0.5,1
860,of,ר֣וּחַ,1,0.1347627501488961,1.0,0.3808772869420533,0.1848463770372571,1.0,of,רוח,0.5,1
861,of,רָקִ֖יעַ,1,0.0,0.0,0.0,,0.0,of,רקיע,0.3333333333333333,1
862,of,ת֣וֹךְ,1,0.0,0.0,0.0,,0.0,of,תוך,0.5,1
863,of,תְה֑וֹם,1,0.0,0.0,0.0,,0.0,of,תהום,0.5,1
864,of,תֹ֨הוּ֙,1,0.0,0.0,0.0,,0.0,of,תהו,0.5,1
865,said,א֑וֹר,1,0.0,0.0,0.0,,0.0,said,אור,0.25,1
866,said,אֱלֹהִ֔ים,1,0.0,0.0,0.0,,0.0,said,אלהים,0.2857142857142857,2
867,said,אֱלֹהִ֖ים,1,0.0,0.0,0.0,,0.0,said,אלהים,0.2857142857142857,2
868,said,אֽוֹר,1,0.0,0.0,0.0,,0.0,said,אור,0.25,1
869,said,בְּ,1,0.0,0.0,0.0,,0.0,said,ב,0.3333333333333333,1
870,said,בֵּ֥ין,1,0.0,0.0,0.0,,0.0,said,בין,0.25,1
871,said,הַ,1,0.0,0.0,0.0,,0.0,said,ה,0.16666666666666666,1
872,said,וִ,1,0.0,0.0,0.0,,0.0,said,ו,0.2857142857142857,2
873,said,וַ,2,0.0,0.0,0.0,,0.0,said,ו,0.2857142857142857,2
874,said,וַֽ,1,0.0,0.0,0.0,,0.0,said,ו,0.2857142857142857,2
875,said,יְהִ֣י,1,0.0,0.0,0.0,,0.0,said,יהי,0.5,2
876,said,יְהִ֥י,1,0.0,0.0,0.0,,0.0,said,יהי,0.5,2
877,said,יְהִי,1,0.0,0.0,0.0,,0.0,said,יהי,0.5,2
878,said,יֹּ֣אמֶר,1,0.3544883609554379,1.0,0.4198248098265879,0.3222484466311626,1.0,said,יאמר,1.0,2
879,said,יֹּ֥אמֶר,1,0.8975501059392539,1.0,0.6016627626043927,0.4740421983332736,1.0,said,יאמר,1.0,2
880,said,יהִ֣י,1,0.0,0.0,0.0,,0.0,said,יהי,0.5,2
881,said,לָ,1,0.0,0.0,0.0,,0.0,said,ל,0.25,1
882,said,מַ֖יִם,1,0.0,0.0,0.0,,0.0,said,מים,0.25,1
883,said,מַבְדִּ֔יל,1,0.0,0.0,0.0,,0.0,said,מבדיל,0.5,1
884,said,מָֽיִם,1,0.0,0.0,0.0,,0.0,said,מים,0.25,1
885,said,מָּ֑יִם,1,0.0,0.0,0.0,,0.0,said,מים,0.25,1
886,said,רָקִ֖יעַ,1,0.0,0.0,0.0,,0.0,said,רקיע,0.3333333333333333,1
887,said,ת֣וֹךְ,1,0.0,0.0,0.0,,0.0,said,תוך,0.5,1
888,saw,א֖וֹר,2,0.0,0.0,0.0,,0.0,saw,אור,0.3333333333333333,1
889,saw,אֱלֹהִ֔ים,1,0.0,0.0,0.0,,0.0,saw,אלהים,0.14285714285714285,1
890,saw,אֱלֹהִ֛ים,1,0.8439766557545472,1.0,0.4674564315442547,0.2920780495183773,1.0,saw,אלהים,0.14285714285714285,1
891,saw,אֶת,1,0.0,0.0,0.0,,0.0,saw,את,0.3333333333333333,1
892,saw,בֵ֥ין,1,0.0,0.0,0.0,,0.0,saw,בין,0.3333333333333333,1
893,saw,בֵּ֥ין,1,0.0,0.0,0.0,,0.0,saw,בין,0.3333333333333333,1
894,saw,הַ,1,0.0,0.0,0.0,,0.0,saw,ה,0.2,1
895,saw,הָ,2,0.0,0.0,0.0,,0.0,saw,ה,0.2,1
896,saw,וַ,2,0.0,0.0,0.0,,0.0,saw,ו,0.14285714285714285,1
897,saw,וּ,1,0.0,0.0,0.0,,0.0,saw,ו,0.14285714285714285,1
898,saw,חֹֽשֶׁךְ,1,0.0,0.0,0.0,,0.0,saw,חשך,0.3333333333333333,1
899,saw,ט֑וֹב,1,0.0,0.0,0.0,,0.0,saw,טוב,1.0,1
900,saw,יַּ֧רְא,1,0.1846788390690123,1.0,0.4674564315442547,0.1780361402836984,1.0,saw,ירא,1.0,1
901,saw,יַּבְדֵּ֣ל,1,0.0,0.0,0.0,,0.0,saw,יבדל,0.5,1
902,saw,כִּי,1,0.223035330266897,1.0,0.4674564315442547,0.1895034454214763,1.0,saw,כי,1.0,1
903,so,אֱלֹהִים֮,1,0.0,0.0,0.0,,0.0,so,אלהים,0.14285714285714285,1
904,so,אֲשֶׁ֖ר,1,0.0,0.0,0.0,,0.0,so,אשר,1.0,1
905,so,אֲשֶׁר֙,1,0.0,0.0,0.0,,0.0,so,אשר,1.0,1
906,so,אֶת,1,0.0,0.0,0.0,,0.0,so,את,0.3333333333333333,1
907,so,בֵ֣ין,1,0.0,0.0,0.0,,0.0,so,בין,0.3333333333333333,1
908,so,בֵּ֤ין,1,0.0,0.0,0.0,,0.0,so,בין,0.3333333333333333,1
909,so,הַ,2,0.0,0.0,0.0,,0.0,so,ה,0.2,1
910,so,הָ,1,0.0,0.0,0.0,,0.0,so,ה,0.2,1
911,so,וַ,2,0.0,0.0,0.0,,0.0,so,ו,0.14285714285714285,1
912,so,וּ,1,0.0,0.0,0.0,,0.0,so,ו,0.14285714285714285,1
913,so,וַֽ,1,0.0,0.0,0.0,,0.0,so,ו,0.14285714285714285,1
914,so,יְהִי,1,0.0,0.0,0.0,,0.0,so,יהי,0.25,1
915,so,יַּ֣עַשׂ,1,0.0,0.0,0.0,,0.0,so,יעש,1.0,1
916,so,יַּבְדֵּ֗ל,1,0.0,0.0,0.0,,0.0,so,יבדל,0.5,1
917,so,כֵֽן,1,0.8133784526867186,1.0,0.2330817811597337,0.3102108098652827,1.0,so,כן,1.0,1
918,so,לָ,2,0.0,0.0,0.0,,0.0,so,ל,0.3333333333333333,1
919,so,מִ,1,0.0,0.0,0.0,,0.0,so,מ,1.0,1
920,so,מֵ,1,0.0,0.0,0.0,,0.0,so,מ,1.0,1
921,so,מַּ֔יִם,1,0.0,0.0,0.0,,0.0,so,מים,0.3333333333333333,1
922,so,מַּ֨יִם֙,1,0.0,0.0,0.0,,0.0,so,מים,0.3333333333333333,1
923,so,עַ֣ל,1,0.0,0.0,0.0,,0.0,so,על,0.5,1
924,so,רָקִ֑יעַ,1,0.0,0.0,0.0,,0.0,so,רקיע,0.5,1
925,so,רָקִ֔יעַ,1,0.0,0.0,0.0,,0.0,so,רקיע,0.5,1
926,so,רָקִיעַ֒,1,0.0,0.0,0.0,,0.0,so,רקיע,0.5,1
927,so,תַּ֣חַת,1,0.0,0.0,0.0,,0.0,so,תחת,1.0,1
928,spirit,אֱלֹהִ֔ים,1,0.0,0.0,0.0,,0.0,spirit,אלהים,0.14285714285714285,1
929,spirit,אָ֗רֶץ,1,0.0,0.0,0.0,,0.0,spirit,ארץ,0.5,1
930,spirit,בֹ֔הוּ,1,0.0,0.0,0.0,,0.0,spirit,בהו,1.0,1
931,spirit,הַ,1,0.0,0.0,0.0,,0.0,spirit,ה,0.2,1
932,spirit,הָ,1,0.0,0.0,0.0,,0.0,spirit,ה,0.2,1
933,spirit,הָיְתָ֥ה,1,0.0,0.0,0.0,,0.0,spirit,היתה,1.0,1
934,spirit,וְ,3,0.0,0.0,0.0,,0.0,spirit,ו,0.14285714285714285,1
935,spirit,וָ,1,0.0,0.0,0.0,,0.0,spirit,ו,0.14285714285714285,1
936,spirit,חֹ֖שֶׁךְ,1,0.0,0.0,0.0,,0.0,spirit,חשך,0.3333333333333333,1
937,spirit,מְרַחֶ֖פֶת,1,0.0,0.0,0.0,,0.0,spirit,מרחפת,1.0,1
938,spirit,מָּֽיִם,1,0.0,0.0,0.0,,0.0,spirit,מים,0.3333333333333333,1
939,spirit,עַל,2,0.0,0.0,0.0,,0.0,spirit,על,0.5,1
940,spirit,פְּנֵ֣י,1,0.0,0.0,0.0,,0.0,spirit,פני,1.0,1
941,spirit,פְּנֵ֥י,1,0.0,0.0,0.0,,0.0,spirit,פני,1.0,1
942,spirit,ר֣וּחַ,1,0.7933121205748785,1.0,0.3808772869420533,0.2078864061578748,1.0,spirit,רוח,1.0,1
943,spirit,תְה֑וֹם,1,0.0,0.0,0.0,,0.0,spirit,תהום,1.0,1
944,spirit,תֹ֨הוּ֙,1,0.0,0.0,0.0,,0.0,spirit,תהו,1.0,1
945,that,א֖וֹר,2,0.195177086161702,1.0,0.4674564315442547,0.2020359880116986,0.5,that,אור,0.3333333333333333,1
946,that,אֱלֹהִ֔ים,1,0.0,0.0,0.0,,0.0,that,אלהים,0.14285714285714285,1
947,that,אֱלֹהִ֛ים,1,0.0,0.0,0.0,,0.0,that,אלהים,0.14285714285714285,1
948,that,אֶת,1,0.0,0.0,0.0,,0.0,that,את,0.3333333333333333,1
949,that,בֵ֥ין,1,0.0,0.0,0.0,,0.0,that,בין,0.3333333333333333,1
950,that,בֵּ֥ין,1,0.0,0.0,0.0,,0.0,that,בין,0.3333333333333333,1
951,that,הַ,1,0.0,0.0,0.0,,0.0,that,ה,0.2,1
952,that,הָ,2,0.0,0.0,0.0,,0.0,that,ה,0.2,1
953,that,וַ,2,0.0,0.0,0.0,,0.0,that,ו,0.14285714285714285,1
954,that,וּ,1,0.0,0.0,0.0,,0.0,that,ו,0.14285714285714285,1
955,that,חֹֽשֶׁךְ,1,0.0,0.0,0.0,,0.0,that,חשך,0.3333333333333333,1
956,that,ט֑וֹב,1,0.0,0.0,0.0,,0.0,that,טוב,1.0,1
957,that,יַּ֧רְא,1,0.0,0.0,0.0,,0.0,that,ירא,1.0,1
958,that,יַּבְדֵּ֣ל,1,0.0,0.0,0.0,,0.0,that,יבדל,0.5,1
959,that,כִּי,1,0.0,0.0,0.0,,0.0,that,כי,1.0,1
960,the,א֖וֹר,2,0.0,0.0,0.0,,0.0,the,אור,0.2857142857142857,2
961,the,אֱלֹהִ֑ים,1,0.0,0.0,0.0,,0.0,the,אלהים,0.8571428571428571,6
962,the,אֱלֹהִ֔ים,3,0.0,0.0,0.0,,0.0,the,אלהים,0.8571428571428571,6
963,the,אֱלֹהִ֛ים,1,0.0,0.0,0.0,,0.0,the,אלהים,0.8571428571428571,6
964,the,אֱלֹהִ֤ים,1,0.0,0.0,0.0,,0.0,the,אלהים,0.8571428571428571,6
965,the,אֱלֹהִים֮,1,0.0,0.0,0.0,,0.0,the,אלהים,0.8571428571428571,6
966,the,אֲשֶׁ֖ר,1,0.0165212829756075,1.0,0.2330817811597337,0.1057995742866019,1.0,the,אשר,0.16666666666666666,1
967,the,אֲשֶׁר֙,1,0.0165212831015799,1.0,0.2330817811597337,0.088441929739181,1.0,the,אשר,0.16666666666666666,1
968,the,אֵ֥ת,2,0.017962477795095,0.0,0.0,,0.0,the,את,0.5,3
969,the,אֶחָֽד,1,0.0,0.0,0.0,,0.0,the,אחד,0.16666666666666666,1
970,the,אֶת,2,0.0435537242650248,2.0,0.3502691063519942,0.193106795660033,1.0,the,את,0.5,3
971,the,אָ֗רֶץ,1,0.0,0.0,0.0,,0.0,the,ארץ,0.3333333333333333,2
972,the,אָֽרֶץ,1,0.0,0.0,0.0,,0.0,the,ארץ,0.3333333333333333,2
973,the,אוֹר֙,1,0.0001734963860963,0.0,0.0,,0.0,the,אור,0.2857142857142857,2
974,the,בֵ֣ין,1,0.0165212831015799,1.0,0.2330817811597337,0.1428308403597784,1.0,the,בין,0.5,3
975,the,בֵ֥ין,1,0.0,0.0,0.0,,0.0,the,בין,0.5,3
976,the,בֹ֔הוּ,1,0.0,0.0,0.0,,0.0,the,בהו,0.16666666666666666,1
977,the,בֹ֖קֶר,1,0.0165212831015799,1.0,0.410172856819939,0.2459595920244424,1.0,the,בקר,0.16666666666666666,1
978,the,בְּ,2,0.0,0.0,0.0,,0.0,the,ב,0.3333333333333333,2
979,the,בֵּ֤ין,1,0.0165212831015799,0.0,0.0,,0.0,the,בין,0.5,3
980,the,בֵּ֥ין,2,0.4973770073027623,2.0,0.4436406206854213,0.184125241659098,1.0,the,בין,0.5,3
981,the,בָּרָ֣א,1,0.0,0.0,0.0,,0.0,the,ברא,0.16666666666666666,1
982,the,הַ,6,0.3845855918695002,6.0,0.4190366841981676,0.2148825284573187,1.0,the,ה,0.8333333333333334,5
983,the,הָ,5,0.2580551956319877,3.0,0.4023713513305251,0.2944471002781738,0.6,the,ה,0.8333333333333334,5
984,the,הָיְתָ֥ה,1,0.0,0.0,0.0,,0.0,the,היתה,0.16666666666666666,1
985,the,וְ,5,0.2028460374750347,1.0,0.3808772869420533,0.2157362787384961,0.2,the,ו,0.8571428571428571,6
986,the,וִ,1,0.0,0.0,0.0,,0.0,the,ו,0.8571428571428571,6
987,the,וַ,6,0.0,0.0,0.0,,0.0,the,ו,0.8571428571428571,6
988,the,וַֽ,2,0.0239561696721198,0.0,0.0,,0.0,the,ו,0.8571428571428571,6
989,the,וָ,1,0.0,0.0,0.0,,0.0,the,ו,0.8571428571428571,6
990,the,וּ,2,0.1354214035444234,0.0,0.0,,0.0,the,ו,0.8571428571428571,6
991,the,וַֽ,1,0.0,0.0,0.0,,0.0,the,ו,0.8571428571428571,6
992,the,חֹ֖שֶׁךְ,2,0.7743061025755138,3.0,0.3906424769013485,0.1281130633782068,1.5,the,חשך,0.5,3
993,the,חֹֽשֶׁךְ,1,0.0,0.0,0.0,,0.0,the,חשך,0.5,3
994,the,ט֑וֹב,1,0.0,0.0,0.0,,0.0,the,טוב,0.16666666666666666,1
995,the,י֔וֹם,1,0.0,0.0,0.0,,0.0,the,יום,0.16666666666666666,1
996,the,י֥וֹם,1,0.0,0.0,0.0,,0.0,the,יום,0.16666666666666666,1
997,the,יְהִ֥י,1,0.0,0.0,0.0,,0.0,the,יהי,0.42857142857142855,3
998,the,יְהִי,3,0.004657527789266,0.0,0.0,,0.0,the,יהי,0.42857142857142855,3
999,the,יִּקְרָ֨א,1,0.0,0.0,0.0,,0.0,the,יקרא,0.16666666666666666,1
1000,the,יַּ֣עַשׂ,1,0.0,0.0,0.0,,0.0,the,יעש,0.16666666666666666,1
1001,the,יַּ֧רְא,1,0.0,0.0,0.0,,0.0,the,ירא,0.16666666666666666,1
1002,the,יַּבְדֵּ֗ל,1,0.0165212831015799,1.0,0.2330817811597337,0.1550631685770626,1.0,the,יבדל,0.3333333333333333,2
1003,the,יַּבְדֵּ֣ל,1,0.0,0.0,0.0,,0.0,the,יבדל,0.3333333333333333,2
1004,the,יֹּ֣אמֶר,1,0.0,0.0,0.0,,0.0,the,יאמר,0.14285714285714285,1
1005,the,יהִ֣י,1,0.0,0.0,0.0,,0.0,the,יהי,0.42857142857142855,3
1006,the,כֵֽן,1,0.0,0.0,0.0,,0.0,the,כן,0.16666666666666666,1
1007,the,כִּי,1,0.0,0.0,0.0,,0.0,the,כי,0.16666666666666666,1
1008,the,לַ,1,0.0126083125544954,1.0,0.410172856819939,0.1363025329152829,1.0,the,ל,0.5,3
1009,the,לָ,4,0.3738917699113465,3.0,0.3543598159354202,0.2120215363759578,0.75,the,ל,0.5,3
1010,the,לָ֑יְלָה,1,0.0,0.0,0.0,,0.0,the,לילה,0.16666666666666666,1
1011,the,מְרַחֶ֖פֶת,1,0.0,0.0,0.0,,0.0,the,מרחפת,0.16666666666666666,1
1012,the,מִ,1,0.0165212831015799,0.0,0.0,,0.0,the,מ,0.16666666666666666,1
1013,the,מֵ,1,0.0165177420884227,1.0,0.2330817811597337,0.1570311174002805,1.0,the,מ,0.16666666666666666,1
1014,the,מַ֖יִם,1,0.0,0.0,0.0,,0.0,the,מים,0.5,3
1015,the,מַבְדִּ֔יל,1,0.0,0.0,0.0,,0.0,the,מבדיל,0.16666666666666666,1
1016,the,מָֽיִם,1,0.0,0.0,0.0,,0.0,the,מים,0.5,3
1017,the,מַּ֔יִם,1,0.0165212133633497,1.0,0.2330817811597337,0.071535239726695,1.0,the,מים,0.5,3
1018,the,מַּ֨יִם֙,1,0.0165212831015799,0.0,0.0,,0.0,the,מים,0.5,3
1019,the,מָּ֑יִם,1,0.0165212831015799,1.0,0.4198248098265879,0.2705440452513201,1.0,the,מים,0.5,3
1020,the,מָּֽיִם,1,0.0,0.0,0.0,,0.0,the,מים,0.5,3
1021,the,עֶ֥רֶב,1,0.8898280403623423,1.0,0.410172856819939,0.1755234913696716,1.0,the,ערב,0.16666666666666666,1
1022,the,עַ֣ל,1,0.0,0.0,0.0,,0.0,the,על,0.3333333333333333,2
1023,the,עַל,2,0.0016648735199824,0.0,0.0,,0.0,the,על,0.3333333333333333,2
1024,the,פְּנֵ֣י,1,0.0165212831015799,1.0,0.3808772869420533,0.2201278829695296,1.0,the,פני,0.16666666666666666,1
1025,the,פְּנֵ֥י,1,0.0,0.0,0.0,,0.0,the,פני,0.16666666666666666,1
1026,the,קָ֣רָא,1,5.37151793758632e-05,0.0,0.0,,0.0,the,קרא,0.16666666666666666,1
1027,the,ר֣וּחַ,1,0.0,0.0,0.0,,0.0,the,רוח,0.16666666666666666,1
1028,the,רֵאשִׁ֖ית,1,0.6296376095708571,1.0,0.5931549858897882,0.4534281965420992,1.0,the,ראשית,0.16666666666666666,1
1029,the,רָקִ֑יעַ,1,0.0,0.0,0.0,,0.0,the,רקיע,0.3333333333333333,2
1030,the,רָקִ֔יעַ,1,0.0165212831015799,1.0,0.2330817811597337,0.1184444679531443,1.0,the,רקיע,0.3333333333333333,2
1031,the,רָקִ֖יעַ,1,0.0,0.0,0.0,,0.0,the,רקיע,0.3333333333333333,2
1032,the,רָקִיעַ֒,1,0.0165212830511909,1.0,0.2330817811597337,0.1064019627046273,1.0,the,רקיע,0.3333333333333333,2
1033,the,שָּׁמַ֖יִם,1,0.0,0.0,0.0,,0.0,the,שמים,0.16666666666666666,1
1034,the,ת֣וֹךְ,1,0.0165212831015799,1.0,0.4198248098265879,0.2713732556595654,1.0,the,תוך,0.16666666666666666,1
1035,the,תְה֑וֹם,1,0.0165212831015799,1.0,0.3808772869420533,0.1393867355045656,1.0,the,תהום,0.16666666666666666,1
1036,the,תֹ֨הוּ֙,1,0.0,0.0,0.0,,0.0,the,תהו,0.16666666666666666,1
1037,the,תַּ֣חַת,1,0.0165212831015799,0.0,0.0,,0.0,the,תחת,0.16666666666666666,1
1038,there,א֑וֹר,1,0.2687308091883292,1.0,0.6016627626043927,0.0943176586182654,1.0,there,אור,0.25,1
1039,there,אֱלֹהִ֔ים,1,0.0,0.0,0.0,,0.0,there,אלהים,0.2857142857142857,2
1040,there,אֱלֹהִ֖ים,1,0.0,0.0,0.0,,0.0,there,אלהים,0.2857142857142857,2
1041,there,אֽוֹר,1,0.0,0.0,0.0,,0.0,there,אור,0.25,1
1042,there,בְּ,1,0.0,0.0,0.0,,0.0,there,ב,0.3333333333333333,1
1043,there,בֵּ֥ין,1,0.0,0.0,0.0,,0.0,there,בין,0.25,1
1044,there,הַ,1,0.0,0.0,0.0,,0.0,there,ה,0.16666666666666666,1
1045,there,וִ,1,0.0,0.0,0.0,,0.0,there,ו,0.2857142857142857,2
1046,there,וַ,2,0.0,0.0,0.0,,0.0,there,ו,0.2857142857142857,2
1047,there,וַֽ,1,0.0,0.0,0.0,,0.0,there,ו,0.2857142857142857,2
1048,there,יְהִ֣י,1,0.637686153232315,1.0,0.6016627626043927,0.3835592840824673,1.0,there,יהי,0.5,2
1049,there,יְהִ֥י,1,0.3389163247008095,1.0,0.4198248098265879,0.2263643003478705,1.0,there,יהי,0.5,2
1050,there,יְהִי,1,0.0,0.0,0.0,,0.0,there,יהי,0.5,2
1051,there,יֹּ֣אמֶר,1,0.0,0.0,0.0,,0.0,there,יאמר,1.0,2
1052,there,יֹּ֥אמֶר,1,0.0,0.0,0.0,,0.0,there,יאמר,1.0,2
1053,there,יהִ֣י,1,0.0,0.0,0.0,,0.0,there,יהי,0.5,2
1054,there,לָ,1,0.0,0.0,0.0,,0.0,there,ל,0.25,1
1055,there,מַ֖יִם,1,0.0,0.0,0.0,,0.0,there,מים,0.25,1
1056,there,מַבְדִּ֔יל,1,0.0,0.0,0.0,,0.0,there,מבדיל,0.5,1
1057,there,מָֽיִם,1,0.0,0.0,0.0,,0.0,there,מים,0.25,1
1058,there,מָּ֑יִם,1,0.0,0.0,0.0,,0.0,there,מים,0.25,1
1059,there,רָקִ֖יעַ,1,0.0,0.0,0.0,,0.0,there,רקיע,0.3333333333333333,1
1060,there,ת֣וֹךְ,1,0.0,0.0,0.0,,0.0,there,תוך,0.5,1
1061,under,אֱלֹהִים֮,1,0.0,0.0,0.0,,0.0,under,אלהים,0.14285714285714285,1
1062,under,אֲשֶׁ֖ר,1,0.0,0.0,0.0,,0.0,under,אשר,1.0,1
1063,under,אֲשֶׁר֙,1,0.0,0.0,0.0,,0.0,under,אשר,1.0,1
1064,under,אֶת,1,0.0,0.0,0.0,,0.0,under,את,0.3333333333333333,1
1065,under,בֵ֣ין,1,0.0,0.0,0.0,,0.0,under,בין,0.3333333333333333,1
1066,under,בֵּ֤ין,1,0.0,0.0,0.0,,0.0,under,בין,0.3333333333333333,1
1067,under,הַ,2,0.0,0.0,0.0,,0.0,under,ה,0.2,1
1068,under,הָ,1,0.0,0.0,0.0,,0.0,under,ה,0.2,1
1069,under,וַ,2,0.0,0.0,0.0,,0.0,under,ו,0.14285714285714285,1
1070,under,וּ,1,0.0,0.0,0.0,,0.0,under,ו,0.14285714285714285,1
1071,under,וַֽ,1,0.0,0.0,0.0,,0.0,under,ו,0.14285714285714285,1
1072,under,יְהִי,1,0.0,0.0,0.0,,0.0,under,יהי,0.25,1
1073,under,יַּ֣עַשׂ,1,0.0,0.0,0.0,,0.0,under,יעש,1.0,1
1074,under,יַּבְדֵּ֗ל,1,0.0,0.0,0.0,,0.0,under,יבדל,0.5,1
1075,under,כֵֽן,1,0.0,0.0,0.0,,0.0,under,כן,1.0,1
1076,under,לָ,2,0.0,0.0,0.0,,0.0,under,ל,0.3333333333333333,1
1077,under,מִ,1,0.8133784526867186,1.0,0.2330817811597337,0.1831712084895863,1.0,under,מ,1.0,1
1078,under,מֵ,1,0.0,0.0,0.0,,0.0,under,מ,1.0,1
1079,under,מַּ֔יִם,1,0.0,0.0,0.0,,0.0,under,מים,0.3333333333333333,1
1080,under,מַּ֨יִם֙,1,0.0,0.0,0.0,,0.0,under,מים,0.3333333333333333,1
1081,under,עַ֣ל,1,0.0,0.0,0.0,,0.0,under,על,0.5,1
1082,under,רָקִ֑יעַ,1,0.0,0.0,0.0,,0.0,under,רקיע,0.5,1
1083,under,רָקִ֔יעַ,1,0.0,0.0,0.0,,0.0,under,רקיע,0.5,1
1084,under,רָקִיעַ֒,1,0.0,0.0,0.0,,0.0,under,רקיע,0.5,1
1085,under,תַּ֣חַת,1,0.0,0.0,0.0,,0.0,under,תחת,1.0,1
1086,upon,אֱלֹהִ֔ים,1,0.0,0.0,0.0,,0.0,upon,אלהים,0.14285714285714285,1
1087,upon,אָ֗רֶץ,1,0.0,0.0,0.0,,0.0,upon,ארץ,0.5,1
1088,upon,בֹ֔הוּ,1,0.0,0.0,0.0,,0.0,upon,בהו,1.0,1
1089,upon,הַ,1,0.0,0.0,0.0,,0.0,upon,ה,0.2,1
1090,upon,הָ,1,0.0,0.0,0.0,,0.0,upon,ה,0.2,1
1091,upon,הָיְתָ֥ה,1,0.0,0.0,0.0,,0.0,upon,היתה,1.0,1
1092,upon,וְ,3,0.0,0.0,0.0,,0.0,upon,ו,0.14285714285714285,1
1093,upon,וָ,1,0.0,0.0,0.0,,0.0,upon,ו,0.14285714285714285,1
1094,upon,חֹ֖שֶׁךְ,1,0.0,0.0,0.0,,0.0,upon,חשך,0.3333333333333333,1
1095,upon,מְרַחֶ֖פֶת,1,0.0,0.0,0.0,,0.0,upon,מרחפת,1.0,1
1096,upon,מָּֽיִם,1,0.0,0.0,0.0,,0.0,upon,מים,0.3333333333333333,1
1097,upon,עַל,2,0.2303310418729695,2.0,0.3808772869420533,0.1478129081568154,1.0,upon,על,0.5,1
1098,upon,פְּנֵ֣י,1,0.0,0.0,0.0,,0.0,upon,פני,1.0,1
1099,upon,פְּנֵ֥י,1,0.0,0.0,0.0,,0.0,upon,פני,1.0,1
1100,upon,ר֣וּחַ,1,0.0,0.0,0.0,,0.0,upon,רוח,1.0,1
1101,upon,תְה֑וֹם,1,0.0,0.0,0.0,,0.0,upon,תהום,1.0,1
1102,upon,תֹ֨הוּ֙,1,0.0,0.0,0.0,,0.0,upon,תהו,1.0,1
1103,void,אֱלֹהִ֔ים,1,0.0,0.0,0.0,,0.0,void,אלהים,0.14285714285714285,1
1104,void,אָ֗רֶץ,1,0.0,0.0,0.0,,0.0,void,ארץ,0.5,1
1105,void,בֹ֔הוּ,1,0.0,0.0,0.0,,0.0,void,בהו,1.0,1
1106,void,הַ,1,0.0,0.0,0.0,,0.0,void,ה,0.2,1
1107,void,הָ,1,0.0,0.0,0.0,,0.0,void,ה,0.2,1
1108,void,הָיְתָ֥ה,1,0.0,0.0,0.0,,0.0,void,היתה,1.0,1
1109,void,וְ,3,0.0,0.0,0.0,,0.0,void,ו,0.14285714285714285,1
1110,void,וָ,1,0.7238237813428167,1.0,0.3808772869420533,0.1879991760503014,1.0,void,ו,0.14285714285714285,1
1111,void,חֹ֖שֶׁךְ,1,0.0,0.0,0.0,,0.0,void,חשך,0.3333333333333333,1
1112,void,מְרַחֶ֖פֶת,1,0.0,0.0,0.0,,0.0,void,מרחפת,1.0,1
1113,void,מָּֽיִם,1,0.0,0.0,0.0,,0.0,void,מים,0.3333333333333333,1
1114,void,עַל,2,0.0,0.0,0.0,,0.0,void,על,0.5,1
1115,void,פְּנֵ֣י,1,0.0,0.0,0.0,,0.0,void,פני,1.0,1
1116,void,פְּנֵ֥י,1,0.0,0.0,0.0,,0.0,void,פני,1.0,1
1117,void,ר֣וּחַ,1,0.0,0.0,0.0,,0.0,void,רוח,1.0,1
1118,void,תְה֑וֹם,1,0.0,0.0,0.0,,0.0,void,תהום,1.0,1
1119,void,תֹ֨הוּ֙,1,0.1067207740457374,0.0,0.0,,0.0,void,תהו,1.0,1
1120,was,א֑וֹר,1,0.0,0.0,0.0,,0.0,was,אור,0.4,2
1121,was,א֖וֹר,2,0.0,0.0,0.0,,0.0,was,אור,0.4,2
1122,was,אֱלֹהִ֔ים,2,0.0,0.0,0.0,,0.0,was,אלהים,0.5714285714285714,4
1123,was,אֱלֹהִ֖ים,1,0.0,0.0,0.0,,0.0,was,אלהים,0.5714285714285714,4
1124,was,אֱלֹהִ֛ים,1,0.0,0.0,0.0,,0.0,was,אלהים,0.5714285714285714,4
1125,was,אֱלֹהִים֮,1,0.0,0.0,0.0,,0.0,was,אלהים,0.5714285714285714,4
1126,was,אֲשֶׁ֖ר,1,0.0,0.0,0.0,,0.0,was,אשר,0.25,1
1127,was,אֲשֶׁר֙,1,0.0,0.0,0.0,,0.0,was,אשר,0.25,1
1128,was,אֶת,2,0.0,0.0,0.0,,0.0,was,את,0.4,2
1129,was,אָ֗רֶץ,1,0.0,0.0,0.0,,0.0,was,ארץ,0.2,1
1130,was,אֽוֹר,1,0.0,0.0,0.0,,0.0,was,אור,0.4,2
1131,was,בֵ֣ין,1,0.0,0.0,0.0,,0.0,was,בין,0.4,2
1132,was,בֵ֥ין,1,0.0,0.0,0.0,,0.0,was,בין,0.4,2
1133,was,בֹ֔הוּ,1,0.0,0.0,0.0,,0.0,was,בהו,0.25,1
1134,was,בֵּ֤ין,1,0.0,0.0,0.0,,0.0,was,בין,0.4,2
1135,was,בֵּ֥ין,1,0.0,0.0,0.0,,0.0,was,בין,0.4,2
1136,was,הַ,4,0.0,0.0,0.0,,0.0,was,ה,0.5,3
1137,was,הָ,4,0.1351412067346502,2.0,0.424166859243154,0.1275945631695331,0.5,was,ה,0.5,3
1138,was,הָיְתָ֥ה,1,0.0,0.0,0.0,,0.0,was,היתה,0.25,1
1139,was,וְ,3,0.0624111087354769,1.0,0.3808772869420533,0.1890454384801643,0.3333333333333333,was,ו,0.5714285714285714,4
1140,was,וַ,5,0.0,0.0,0.0,,0.0,was,ו,0.5714285714285714,4
1141,was,וַֽ,1,0.0,0.0,0.0,,0.0,was,ו,0.5714285714285714,4
1142,was,וָ,1,0.0,0.0,0.0,,0.0,was,ו,0.5714285714285714,4
1143,was,וּ,2,0.0,0.0,0.0,,0.0,was,ו,0.5714285714285714,4
1144,was,וַֽ,1,0.0,0.0,0.0,,0.0,was,ו,0.5714285714285714,4
1145,was,חֹ֖שֶׁךְ,1,0.0,0.0,0.0,,0.0,was,חשך,0.4,2
1146,was,חֹֽשֶׁךְ,1,0.0,0.0,0.0,,0.0,was,חשך,0.4,2
1147,was,ט֑וֹב,1,0.0,0.0,0.0,,0.0,was,טוב,0.25,1
1148,was,יְהִ֣י,1,0.0,0.0,0.0,,0.0,was,יהי,0.3333333333333333,2
1149,was,יְהִי,2,0.7248990673344315,2.0,0.4173722718820632,0.3568920756164248,1.0,was,יהי,0.3333333333333333,2
1150,was,יַּ֣עַשׂ,1,0.0,0.0,0.0,,0.0,was,יעש,0.25,1
1151,was,יַּ֧רְא,1,0.0,0.0,0.0,,0.0,was,ירא,0.25,1
1152,was,יַּבְדֵּ֗ל,1,0.0,0.0,0.0,,0.0,was,יבדל,0.5,2
1153,was,יַּבְדֵּ֣ל,1,0.0,0.0,0.0,,0.0,was,יבדל,0.5,2
1154,was,יֹּ֥אמֶר,1,0.0,0.0,0.0,,0.0,was,יאמר,0.2,1
1155,was,כֵֽן,1,0.0,0.0,0.0,,0.0,was,כן,0.25,1
1156,was,כִּי,1,0.0,0.0,0.0,,0.0,was,כי,0.25,1
1157,was,לָ,2,0.0,0.0,0.0,,0.0,was,ל,0.16666666666666666,1
1158,was,מְרַחֶ֖פֶת,1,0.0,0.0,0.0,,0.0,was,מרחפת,0.25,1
1159,was,מִ,1,0.0,0.0,0.0,,0.0,was,מ,0.25,1
1160,was,מֵ,1,0.0,0.0,0.0,,0.0,was,מ,0.25,1
1161,was,מַּ֔יִם,1,0.0,0.0,0.0,,0.0,was,מים,0.4,2
1162,was,מַּ֨יִם֙,1,0.0,0.0,0.0,,0.0,was,מים,0.4,2
1163,was,מָּֽיִם,1,0.0,0.0,0.0,,0.0,was,מים,0.4,2
1164,was,עַ֣ל,1,0.0,0.0,0.0,,0.0,was,על,0.5,2
1165,was,עַל,2,0.0,0.0,0.0,,0.0,was,על,0.5,2
1166,was,פְּנֵ֣י,1,0.0,0.0,0.0,,0.0,was,פני,0.25,1
1167,was,פְּנֵ֥י,1,0.0,0.0,0.0,,0.0,was,פני,0.25,1
1168,was,ר֣וּחַ,1,0.0,0.0,0.0,,0.0,was,רוח,0.25,1
1169,was,רָקִ֑יעַ,1,0.0,0.0,0.0,,0.0,was,רקיע,0.2,1
1170,was,רָקִ֔יעַ,1,0.0,0.0,0.0,,0.0,was,רקיע,0.2,1
1171,was,רָקִיעַ֒,1,0.0,0.0,0.0,,0.0,was,רקיע,0.2,1
1172,was,תְה֑וֹם,1,0.0,0.0,0.0,,0.0,was,תהום,0.25,1
1173,was,תֹ֨הוּ֙,1,0.0,0.0,0.0,,0.0,was,תהו,0.25,1
1174,was,תַּ֣חַת,1,0.0,0.0,0.0,,0.0,was,תחת,0.25,1
1175,waters,אֱלֹהִ֔ים,2,0.0,0.0,0.0,,0.0,waters,אלהים,0.42857142857142855,3
1176,waters,אֱלֹהִים֮,1,0.0,0.0,0.0,,0.0,waters,אלהים,0.42857142857142855,3
1177,waters,אֲשֶׁ֖ר,1,0.0,0.0,0.0,,0.0,waters,אשר,0.3333333333333333,1
1178,waters,אֲשֶׁר֙,1,0.0,0.0,0.0,,0.0,waters,אשר,0.3333333333333333,1
1179,waters,אֶת,1,0.0,0.0,0.0,,0.0,waters,את,0.2,1
1180,waters,אָ֗רֶץ,1,0.0,0.0,0.0,,0.0,waters,ארץ,0.25,1
1181,waters,בֵ֣ין,1,0.0,0.0,0.0,,0.0,waters,בין,0.5,2
1182,waters,בֹ֔הוּ,1,0.0,0.0,0.0,,0.0,waters,בהו,0.3333333333333333,1
1183,waters,בְּ,1,0.0,0.0,0.0,,0.0,waters,ב,0.25,1
1184,waters,בֵּ֤ין,1,0.0,0.0,0.0,,0.0,waters,בין,0.5,2
1185,waters,בֵּ֥ין,1,0.0,0.0,0.0,,0.0,waters,בין,0.5,2
1186,waters,הַ,4,0.1967411125927037,3.0,0.344594625976125,0.1626868144613524,0.75,waters,ה,0.6,3
1187,waters,הָ,2,0.0,0.0,0.0,,0.0,waters,ה,0.6,3
1188,waters,הָיְתָ֥ה,1,0.0,0.0,0.0,,0.0,waters,היתה,0.3333333333333333,1
1189,waters,וְ,3,0.0,0.0,0.0,,0.0,waters,ו,0.42857142857142855,3
1190,waters,וִ,1,0.0815973571321108,1.0,0.4198248098265879,0.243982478394733,1.0,waters,ו,0.42857142857142855,3
1191,waters,וַ,3,0.0,0.0,0.0,,0.0,waters,ו,0.42857142857142855,3
1192,waters,וָ,1,0.0,0.0,0.0,,0.0,waters,ו,0.42857142857142855,3
1193,waters,וּ,1,0.0,0.0,0.0,,0.0,waters,ו,0.42857142857142855,3
1194,waters,וַֽ,1,0.0,0.0,0.0,,0.0,waters,ו,0.42857142857142855,3
1195,waters,חֹ֖שֶׁךְ,1,0.0,0.0,0.0,,0.0,waters,חשך,0.2,1
1196,waters,יְהִ֥י,1,0.0,0.0,0.0,,0.0,waters,יהי,0.4,2
1197,waters,יְהִי,1,0.0,0.0,0.0,,0.0,waters,יהי,0.4,2
1198,waters,יַּ֣עַשׂ,1,0.0,0.0,0.0,,0.0,waters,יעש,0.3333333333333333,1
1199,waters,יַּבְדֵּ֗ל,1,0.0,0.0,0.0,,0.0,waters,יבדל,0.25,1
1200,waters,יֹּ֣אמֶר,1,0.0,0.0,0.0,,0.0,waters,יאמר,0.25,1
1201,waters,יהִ֣י,1,0.0816047725307626,1.0,0.4198248098265879,0.1321040985265965,1.0,waters,יהי,0.4,2
1202,waters,כֵֽן,1,0.0,0.0,0.0,,0.0,waters,כן,0.3333333333333333,1
1203,waters,לָ,3,0.1595388641045115,1.0,0.2330817811597337,0.0532986253746205,0.3333333333333333,waters,ל,0.5,2
1204,waters,מְרַחֶ֖פֶת,1,0.0,0.0,0.0,,0.0,waters,מרחפת,0.3333333333333333,1
1205,waters,מִ,1,0.0,0.0,0.0,,0.0,waters,מ,0.3333333333333333,1
1206,waters,מֵ,1,0.0,0.0,0.0,,0.0,waters,מ,0.3333333333333333,1
1207,waters,מַ֖יִם,1,0.8588853235615727,1.0,0.4198248098265879,0.2922583189715262,1.0,waters,מים,1.0,3
1208,waters,מַבְדִּ֔יל,1,0.0816082083012928,0.0,0.0,,0.0,waters,מבדיל,0.3333333333333333,1
1209,waters,מָֽיִם,1,0.8435328352452707,1.0,0.4198248098265879,0.421889829310428,1.0,waters,מים,1.0,3
1210,waters,מַּ֔יִם,1,0.0,0.0,0.0,,0.0,waters,מים,1.0,3
1211,waters,מַּ֨יִם֙,1,0.0,0.0,0.0,,0.0,waters,מים,1.0,3
1212,waters,מָּ֑יִם,1,0.0,0.0,0.0,,0.0,waters,מים,1.0,3
1213,waters,מָּֽיִם,1,0.0,0.0,0.0,,0.0,waters,מים,1.0,3
1214,waters,עַ֣ל,1,0.0,0.0,0.0,,0.0,waters,על,0.6666666666666666,2
1215,waters,עַל,2,0.0,0.0,0.0,,0.0,waters,על,0.6666666666666666,2
1216,waters,פְּנֵ֣י,1,0.0,0.0,0.0,,0.0,waters,פני,0.3333333333333333,1
1217,waters,פְּנֵ֥י,1,0.0,0.0,0.0,,0.0,waters,פני,0.3333333333333333,1
1218,waters,ר֣וּחַ,1,0.0,0.0,0.0,,0.0,waters,רוח,0.3333333333333333,1
1219,waters,רָקִ֑יעַ,1,0.0,0.0,0.0,,0.0,waters,רקיע,0.6666666666666666,2
1220,waters,רָקִ֔יעַ,1,0.0,0.0,0.0,,0.0,waters,רקיע,0.6666666666666666,2
1221,waters,רָקִ֖יעַ,1,0.0,0.0,0.0,,0.0,waters,רקיע,0.6666666666666666,2
1222,waters,רָקִיעַ֒,1,0.0,0.0,0.0,,0.0,waters,רקיע,0.6666666666666666,2
1223,waters,ת֣וֹךְ,1,0.0,0.0,0.0,,0.0,waters,תוך,0.3333333333333333,1
1224,waters,תְה֑וֹם,1,0.0,0.0,0.0,,0.0,waters,תהום,0.3333333333333333,1
1225,waters,תֹ֨הוּ֙,1,0.0,0.0,0.0,,0.0,waters,תהו,0.3333333333333333,1
1226,waters,תַּ֣חַת,1,0.0,0.0,0.0,,0.0,waters,תחת,0.3333333333333333,1
1227,were,אֱלֹהִ֤ים,1,0.0,0.0,0.0,,0.0,were,אלהים,0.2857142857142857,2
1228,were,אֱלֹהִים֮,1,0.0,0.0,0.0,,0.0,were,אלהים,0.2857142857142857,2
1229,were,אֲשֶׁ֖ר,1,0.0,0.0,0.0,,0.0,were,אשר,0.5,1
1230,were,אֲשֶׁר֙,1,0.0,0.0,0.0,,0.0,were,אשר,0.5,1
1231,were,אֶחָֽד,1,0.0,0.0,0.0,,0.0,were,אחד,0.5,1
1232,were,אֶת,1,0.0,0.0,0.0,,0.0,were,את,0.25,1
1233,were,אוֹר֙,1,0.0,0.0,0.0,,0.0,were,אור,0.25,1
1234,were,בֵ֣ין,1,0.0,0.0,0.0,,0.0,were,בין,0.25,1
1235,were,בֹ֖קֶר,1,0.0,0.0,0.0,,0.0,were,בקר,0.5,1
1236,were,בֵּ֤ין,1,0.0,0.0,0.0,,0.0,were,בין,0.25,1
1237,were,הַ,2,0.0,0.0,0.0,,0.0,were,ה,0.16666666666666666,1
1238,were,הָ,1,0.0,0.0,0.0,,0.0,were,ה,0.16666666666666666,1
1239,were,וְ,1,0.0,0.0,0.0,,0.0,were,ו,0.2857142857142857,2
1240,were,וַ,3,0.0,0.0,0.0,,0.0,were,ו,0.2857142857142857,2
1241,were,וַֽ,2,0.0,0.0,0.0,,0.0,were,ו,0.2857142857142857,2
1242,were,וּ,1,0.0,0.0,0.0,,0.0,were,ו,0.2857142857142857,2
1243,were,וַֽ,1,0.0,0.0,0.0,,0.0,were,ו,0.2857142857142857,2
1244,were,חֹ֖שֶׁךְ,1,0.0,0.0,0.0,,0.0,were,חשך,0.25,1
1245,were,י֔וֹם,1,0.0,0.0,0.0,,0.0,were,יום,0.5,1
1246,were,י֥וֹם,1,0.0,0.0,0.0,,0.0,were,יום,0.5,1
1247,were,יְהִי,3,0.2239867416044435,1.0,0.410172856819939,0.2162090123323595,0.3333333333333333,were,יהי,0.5,2
1248,were,יִּקְרָ֨א,1,0.0,0.0,0.0,,0.0,were,יקרא,0.5,1
1249,were,יַּ֣עַשׂ,1,0.0,0.0,0.0,,0.0,were,יעש,0.5,1
1250,were,יַּבְדֵּ֗ל,1,0.0,0.0,0.0,,0.0,were,יבדל,0.3333333333333333,1
1251,were,כֵֽן,1,0.0,0.0,0.0,,0.0,were,כן,0.5,1
1252,were,לַ,1,0.0,0.0,0.0,,0.0,were,ל,0.6666666666666666,2
1253,were,לָ,3,0.0,0.0,0.0,,0.0,were,ל,0.6666666666666666,2
1254,were,לָ֑יְלָה,1,0.0,0.0,0.0,,0.0,were,לילה,0.5,1
1255,were,מִ,1,0.0,0.0,0.0,,0.0,were,מ,0.5,1
1256,were,מֵ,1,0.0,0.0,0.0,,0.0,were,מ,0.5,1
1257,were,מַּ֔יִם,1,0.0,0.0,0.0,,0.0,were,מים,0.25,1
1258,were,מַּ֨יִם֙,1,0.0,0.0,0.0,,0.0,were,מים,0.25,1
1259,were,עֶ֥רֶב,1,0.0,0.0,0.0,,0.0,were,ערב,0.5,1
1260,were,עַ֣ל,1,0.0,0.0,0.0,,0.0,were,על,0.3333333333333333,1
1261,were,קָ֣רָא,1,0.0,0.0,0.0,,0.0,were,קרא,0.5,1
1262,were,רָקִ֑יעַ,1,0.0,0.0,0.0,,0.0,were,רקיע,0.3333333333333333,1
1263,were,רָקִ֔יעַ,1,0.0,0.0,0.0,,0.0,were,רקיע,0.3333333333333333,1
1264,were,רָקִיעַ֒,1,0.0,0.0,0.0,,0.0,were,רקיע,0.3333333333333333,1
1265,were,תַּ֣חַת,1,0.0,0.0,0.0,,0.0,were,תחת,0.5,1
1266,which,אֱלֹהִים֮,1,0.0,0.0,0.0,,0.0,which,אלהים,0.14285714285714285,1
1267,which,אֲשֶׁ֖ר,1,0.0,0.0,0.0,,0.0,which,אשר,1.0,1
1268,which,אֲשֶׁר֙,1,0.0,0.0,0.0,,0.0,which,אשר,1.0,1
1269,which,אֶת,1,0.0,0.0,0.0,,0.0,which,את,0.3333333333333333,1
1270,which,בֵ֣ין,1,0.0,0.0,0.0,,0.0,which,בין,0.3333333333333333,1
1271,which,בֵּ֤ין,1,0.0,0.0,0.0,,0.0,which,בין,0.3333333333333333,1
1272,which,הַ,2,0.1174680155598732,0.0,0.0,,0.0,which,ה,0.2,1
1273,which,הָ,1,0.0,0.0,0.0,,0.0,which,ה,0.2,1
1274,which,וַ,2,0.0,0.0,0.0,,0.0,which,ו,0.14285714285714285,1
1275,which,וּ,1,0.0,0.0,0.0,,0.0,which,ו,0.14285714285714285,1
1276,which,וַֽ,1,0.0,0.0,0.0,,0.0,which,ו,0.14285714285714285,1
1277,which,יְהִי,1,0.0,0.0,0.0,,0.0,which,יהי,0.25,1
1278,which,יַּ֣עַשׂ,1,0.0,0.0,0.0,,0.0,which,יעש,1.0,1
1279,which,יַּבְדֵּ֗ל,1,0.0,0.0,0.0,,0.0,which,יבדל,0.5,1
1280,which,כֵֽן,1,0.0,0.0,0.0,,0.0,which,כן,1.0,1
1281,which,לָ,2,0.0,0.0,0.0,,0.0,which,ל,0.3333333333333333,1
1282,which,מִ,1,0.0,0.0,0.0,,0.0,which,מ,1.0,1
1283,which,מֵ,1,0.0,0.0,0.0,,0.0,which,מ,1.0,1
1284,which,מַּ֔יִם,1,0.0,0.0,0.0,,0.0,which,מים,0.3333333333333333,1
1285,which,מַּ֨יִם֙,1,0.0,0.0,0.0,,0.0,which,מים,0.3333333333333333,1
1286,which,עַ֣ל,1,0.0,0.0,0.0,,0.0,which,על,0.5,1
1287,which,רָקִ֑יעַ,1,0.0,0.0,0.0,,0.0,which,רקיע,0.5,1
1288,which,רָקִ֔יעַ,1,0.0,0.0,0.0,,0.0,which,רקיע,0.5,1
1289,which,רָקִיעַ֒,1,0.0,0.0,0.0,,0.0,which,רקיע,0.5,1
1290,which,תַּ֣חַת,1,0.0,0.0,0.0,,0.0,which,תחת,1.0,1
1291,without,אֱלֹהִ֔ים,1,0.0,0.0,0.0,,0.0,without,אלהים,0.14285714285714285,1
1292,without,אָ֗רֶץ,1,0.7976905780193682,1.0,0.3808772869420533,0.2073553048068903,1.0,without,ארץ,0.5,1
1293,without,בֹ֔הוּ,1,0.0,0.0,0.0,,0.0,without,בהו,1.0,1
1294,without,הַ,1,0.0,0.0,0.0,,0.0,without,ה,0.2,1
1295,without,הָ,1,0.0,0.0,0.0,,0.0,without,ה,0.2,1
1296,without,הָיְתָ֥ה,1,0.0,0.0,0.0,,0.0,without,היתה,1.0,1
1297,without,וְ,3,0.0,0.0,0.0,,0.0,without,ו,0.14285714285714285,1
1298,without,וָ,1,0.0,0.0,0.0,,0.0,without,ו,0.14285714285714285,1
1299,without,חֹ֖שֶׁךְ,1,0.0,0.0,0.0,,0.0,without,חשך,0.3333333333333333,1
1300,without,מְרַחֶ֖פֶת,1,0.0,0.0,0.0,,0.0,without,מרחפת,1.0,1
1301,without,מָּֽיִם,1,0.0,0.0,0.0,,0.0,without,מים,0.3333333333333333,1
1302,without,עַל,2,0.0,0.0,0.0,,0.0,without,על,0.5,1
1303,without,פְּנֵ֣י,1,0.0,0.0,0.0,,0.0,without,פני,1.0,1
1304,without,פְּנֵ֥י,1,0.0,0.0,0.0,,0.0,without,פני,1.0,1
1305,without,ר֣וּחַ,1,0.0,0.0,0.0,,0.0,without,רוח,1.0,1
1306,without,תְה֑וֹם,1,0.0,0.0,0.0,,0.0,without,תהום,1.0,1
1307,without,תֹ֨הוּ֙,1,0.0,0.0,0.0,,0.0,without,תהו,1.0,1
